Unnamed: 0,chemical compound,logk,pH,T ,SMILES,data,Ref,set,label
0,1 -butanol,7.908485019,,22.85,CCCCO,Training,10.1002/kin.550210807,train,7.908485019
1,"1,1-dimethylguanidine",8.662757832,7.0,25.0,CN(C)C(=N)N,Training,10.1021/acs.est.5b03078,train,8.662757832
2,"1,2,3-Trimethoxybenzene",9.903089987,7.0,,COc1cccc(OC)c1OC,Training,10.1063/1.555808,train,9.903089987
3,"1,2,3-trimethoxy-benzene",9.84509804,7.0,20.0,COc1cccc(OC)c1OC,Training,10.1063/1.555808,train,9.84509804
4,"1,2,4-Trimethoxybenzene",9.892094603,7.0,,COc1ccc(OC)c(OC)c1,Training,10.1063/1.555808,train,9.892094603
5,"1,2,4-Trimethoxy-benzene",8.892094603,,25.0,COc1ccc(OC)c(OC)c1,Training,10.1063/1.555808,train,8.892094603
6,"1,2,4-trimethoxy-benzene ",9.892094603,7.0,20.0,COc1ccc(OC)c(OC)c1,Training,10.1063/1.555808,train,9.892094603
7,"1,2-Dimethoxybenzene",9.698970004,7.0,,COc1ccccc1OC,Training,10.1063/1.555808,train,9.698970004
8,"1,2-dimethoxy-benzene",9.698970004,7.0,20.0,COc1ccccc1OC,Training,10.1063/1.555808,train,9.698970004
9,"1,3,5-Trimethoxybenzene",9.255272505,7.0,,COc1cc(OC)cc(OC)c1,Training,10.1021/acs.est.5b03078,train,9.255272505
10,"1,3,5-trimethoxy-benzene",9.255272505,7.0,20.0,COc1cc(OC)cc(OC)c1,Training,10.1021/acs.est.5b03078,train,9.255272505
11,"1,3,5-Trimethoxy-benzene (TMB)",8.255272505,,25.0,COc1cccc(OC)c1OC,Training,10.1063/1.555808,train,8.255272505
12,"1,3-Dimethoxy-benzene",9.84509804,,25.0,COc1cccc(OC)c1,Training,10.1016/j.chemosphere.2018.12.156,train,9.84509804
13,"1,3-dimethoxy-benzene",9.84509804,7.0,20.0,COc1cccc(OC)c1,Training,10.1016/j.chemosphere.2018.12.156,train,9.84509804
14,"1,3-dioxane",7.53529412,7.0,24.4,C1COCOC1,Training,doi.org/10.1016/j.watres.2012.06.006,train,7.53529412
15,"1,4-Dimethoxybenzene",9.857332496,7.0,,COc1ccc(OC)cc1,Training,doi.org/10.1016/j.watres.2012.06.006,train,9.857332496
16,"1,4-dimethoxy-benzene",9.857332496,7.0,20.0,COc1ccc(OC)cc1,Training,doi.org/10.1016/j.watres.2012.06.006,train,9.857332496
17,"1,4-dioxane",7.204119983,7.5,20.0,C1COCCO1,Training,10.1002/kin.550250307,train,7.204119983
18,"1,4-dioxane",7.611723308,7.0,25.0,C1COCCO1,Training,10.1002/kin.550250307,train,7.611723308
19,"1,4-Dioxane",7.86332286,,,C1COCCO1,Training,10.1002/kin.550250307,train,7.86332286
20,12-Crown-4,8.361727836,,25.0,C1COCCOCCOCCO1,Training,10.1016/j.chemosphere.2018.12.156,train,8.361727836
21,15-crown-5,8.431363764,,25.0,C1COCCO1,Training,10.1002/kin.550250307,train,8.431363764
22,15-Crown-5,8.431363764,,25.0,C1COCCOCCOCCOCCO1,Training,10.1016/j.chemosphere.2018.12.156,train,8.431363764
23,18-Crown-6,8.62324929,,25.0,C1COCCOCCOCCOCCOCCO1,Training,10.1016/j.chemosphere.2018.12.156,train,8.62324929
24,1-butanol,7.903089987,7.0,22.0,CCCCO,Training,10.1002/kin.550210807,train,7.903089987
25,1H-Benzotriazole,8.990455969,7.0,,c1ccc2[nH]nnc2c1,Training,10.1016/j.chemosphere.2018.12.156,train,8.990455969
26,1-Heptanol,7.342422681,,,CC(C)O,Training,10.1021/acs.est.5b03078,train,7.342422681
27,1-heptanol,8.397940009,,22.85,CCCCCCCO,Training,10.1021/acs.est.5b03078,train,8.397940009
28,1-Heptanol,8.447158031,,22.0,CC(C)(C)CO,Training,10.1016/j.watres.2017.03.015,train,8.447158031
29,1-octanol,8.505149978,,22.85,CCCCCCCCO,Training,10.1002/kin.550210807,train,8.505149978
30,1-octanol ,8.505149978,7.0,23.0,CCCCCCCCO,Training,10.1002/kin.550210807,train,8.505149978
31,1-pentanol,8.113943352,,22.85,CCCCCO,Training,10.1002/kin.550210807,train,8.113943352
32,1-pentanol,8.113943352,7.0,23.0,CCCCCO,Training,10.1002/kin.550210807,train,8.113943352
33,1-propanol,7.770852012,,22.85,CCCO,Training,10.1063/1.555808,train,7.770852012
34,1-propanol,7.681241237,9.0,25.0,CCCO,Training,10.1063/1.555808,train,7.681241237
35,1-propanol ,7.770852012,7.0,23.0,CCCO,Training,10.1063/1.555808,train,7.770852012
36,"2,2-Dimethylpropanol",7.397940009,,22.0,CCC(O)CC,Training,10.1002/kin.550250307,train,7.397940009
37,"2,2-dimethylpropanol ",7.397940009,7.0,22.0,CC(C)(C)CO,Training,10.1016/j.watres.2017.03.015,train,7.397940009
38,"2,3,4-trimethoxybenzoate",9.397940009,7.0,,COc1ccc(C(=O)[O-])c(OC)c1OC,Training,10.1021/acs.est.5b03078,train,9.397940009
39,"2,3,4-trimethoxy-benzoate",9.397940009,7.0,20.0,COc1ccc(C(=O)[O-])c(OC)c1OC,Training,10.1021/acs.est.5b03078,train,9.397940009
40,"2,3-dimethoxybenzoate",9.929418926,7.0,,COc1cccc(C(=O)[O-])c1OC,Training,10.1063/1.555808,train,9.929418926
41,"2,3-dimethoxy-benzoate",9.929418926,7.0,20.0,COc1cccc(C(=O)[O-])c1OC,Training,10.1063/1.555808,train,9.929418926
42,"2,3-dimethyl-2,3-butanediol",8.414973348,7.0,22.0,CC(C)(O)C(C)(C)O,Training,10.1021/acs.est.5b03078,train,8.414973348
43,"2,4,5-trimethoxy-benzoate",9.643452676,7.0,20.0,COc1cc(OC)c(C(=O)[O-])cc1OC,Training,doi.org/10.1016/j.watres.2012.06.006,train,9.643452676
44,"2,4,5-Trimethoxy-benzoate ion",9.643452676,7.0,25.0,COc1cc(OC)c(C(=O)[O-])cc1OC,Training,doi.org/10.1016/j.watres.2012.06.006,train,9.643452676
45,"2,4,6-Trimethoxy-1,3,5-triazine",7.707570176,5.0,,COc1nc(OC)nc(OC)n1,Training,10.1016/j.chemosphere.2018.12.156,train,7.707570176
46,"2,4,6-trimethoxybenzoate",9.529213012,7.0,,COc1cc(OC)c(C(=O)[O-])c(OC)c1,Training,10.1021/acs.est.5b03078,train,9.529213012
47,"2,4,6-Trimethoxy-benzoate ion",9.414973348,7.0,25.0,COc1cc(OC)c(C(=O)[O-])c(OC)c1,Training,10.1021/acs.est.5b03078,train,9.414973348
48,"2,4-dimethoxy-benzoate",9.579783597,7.0,20.0,COc1ccc(C(=O)[O-])c(OC)c1,Training,10.1016/j.chemosphere.2018.12.156,train,9.579783597
49,"2,4-Dimethoxy-benzoate ion",9.579783597,7.0,25.0,COc1ccc(C(=O)[O-])c(OC)c1,Training,10.1016/j.chemosphere.2018.12.156,train,9.579783597
50,"2,4-Dinitroanisole",8.025305865,7.0,20.0,COc1ccc([N+](=O)[O-])cc1[N+](=O)[O-],Training,10.1016/j.chemosphere.2018.12.156,train,8.025305865
51,"2,4-Dioxohexahydo-1,3,5-triazine",7.662757832,7.0,,O=C1NCNC(=O)N1,Training,10.1021/es503496u,train,7.662757832
52,"2,4-Dioxohexahydro-1,3,5-triazine",7.662757832,5.0,,O=C1NCNC(=O)N1,Training,10.1021/es503496u,train,7.662757832
53,"2,4-dioxohexahydro-1,3,5-triazine",7.662757832,7.8,,O=C1NCNC(=O)N1,Training,10.1021/es503496u,train,7.662757832
54,"2,6-dimethoxybenzoate",9.397940009,7.0,,COc1cccc(OC)c1C(=O)[O-],Training,10.1063/1.555808,train,9.397940009
55,"2,6-dimethoxy-benzoate",9.397940009,7.0,20.0,COc1cccc(OC)c1C(=O)[O-],Training,10.1063/1.555808,train,9.397940009
56,2.3-Dimethvl-2.3-butanedio,6.414973348,,22.0,CCCCCCCO,Training,10.1021/acs.est.5b03078,train,6.414973348
57,2-Benzothiazolesulfonate,9.176091259,7.0,20.0,O=S(=O)([O-])c1nc2ccccc2s1,Training,10.1016/j.chemosphere.2018.12.156,train,9.176091259
58,2-Bromo-1-iodobenzene,7.903089987,7.0,,Brc1ccccc1I,Training,10.1016/j.chemosphere.2018.12.156,train,7.903089987
59,2-Bromobenzoate ion,8.939519253,7.0,,O=C([O-])c1ccccc1Br,Training,10.1063/1.555808,train,8.939519253
60,2-Bromotoluene,9.361727836,,25.0,Cc1ccccc1Br,Training,10.1016/j.chemosphere.2018.12.156,train,9.361727836
61,2-carboxyacetate,6.176091259,4.3,25.0,O=C([O-])CC(=O)O,Training,10.1016/j.watres.2017.03.015,train,6.176091259
62,2-Chloroethanol,7.420682482,,22.0,CCO,Training,10.1002/kin.550250307,train,7.420682482
63,2-chloroethanol,7.041392685,7.0,22.0,OCCCl,Training,10.1063/1.555808,train,7.041392685
64,2-Chlorotoluene,9.230448921,,25.0,Cc1ccccc1Cl,Training,10.1016/j.chemosphere.2018.12.156,train,9.230448921
65,2-Iodobenzo trifluoride,8.113943352,7.0,,FC(F)(F)c1ccccc1I,Training,10.1016/j.chemosphere.2018.12.156,train,8.113943352
66,2-Iodotoluene,7.84509804,7.0,,Cc1ccccc1I,Training,10.1016/j.chemosphere.2018.12.156,train,7.84509804
67,2-Methoxybenzoate,9.84509804,7.0,,COc1ccccc1C(=O)[O-],Training,10.1063/1.555808,train,9.84509804
68,2-methoxybenzoate ,9.84509804,7.0,20.0,COc1ccccc1C(=O)[O-],Training,10.1063/1.555808,train,9.84509804
69,2-Methoxybenzoate ion,9.84509804,7.0,25.0,COc1ccccc1C(=O)[O-],Training,10.1063/1.555808,train,9.84509804
70,2-Methyl-2-propanol,6.371873223,,22.0,CC(C)(C)O,Training,10.1016/j.watres.2017.03.015,train,6.371873223
71,2-Methyl-2-propanol,6.371873223,,25.0,CC(C)(C)O,Training,10.1016/j.watres.2017.03.015,train,6.371873223
72,2-methyl-2-propanol,5.924279286,,22.85,CC(C)(C)O,Training,10.1016/j.watres.2017.03.015,train,5.924279286
73,2-Methyl-l-propanol,8.113943352,,22.0,CC(C)O,Training,10.1021/acs.est.5b03078,train,8.113943352
74,2-methylpropane,8.113943352,,22.85,CC(C)C,Training,10.1016/j.watres.2017.03.015,train,8.113943352
75,2-methyl-propane,8.113943352,7.0,23.0,CC(C)C,Training,10.1016/j.watres.2017.03.015,train,8.113943352
76,2-Methylthiobenzothiazole,9.146128036,7.0,20.0,CSc1nc2ccccc2s1,Training,10.1016/j.chemosphere.2018.12.156,train,9.146128036
77,2-Phenoxyethanol,9.139879086,7.0,20.0,OCCOc1ccccc1,Training,10.1016/j.chemosphere.2018.12.156,train,9.139879086
78,2-Propanol,7.934498451,,22.0,OCCCl,Training,10.1063/1.555808,train,7.934498451
79,2-propanol,7.913813852,7.0,23.0,CC(C)O,Training,10.1021/acs.est.5b03078,train,7.913813852
80,2-Propanol,7.897627091,,,CCN(CC)C(=O)c1cccc(C)c1,Training,10.1016/j.chemosphere.2018.12.156,train,7.897627091
81,2-propanol,7.913813852,,22.85,CC(C)O,Training,10.1021/acs.est.5b03078,train,7.913813852
82,2-propanol ,7.505149978,7.5,20.0,CC(C)O,Training,10.1021/acs.est.5b03078,train,7.505149978
83,2-propanol ,7.929418926,4.4,25.0,CC(C)O,Training,10.1021/acs.est.5b03078,train,7.929418926
84,2-propanol ,7.929418926,9.0,25.0,CC(C)O,Training,10.1021/acs.est.5b03078,train,7.929418926
85,"3,4,5-trimethoxybenzoate",9.698970004,7.0,,COc1cc(C(=O)[O-])cc(OC)c1OC,Training,10.1063/1.555808,train,9.698970004
86,"3,4,5-trimethoxy-benzoate",9.698970004,7.0,20.0,COc1cc(C(=O)[O-])cc(OC)c1OC,Training,10.1063/1.555808,train,9.698970004
87,"3,4,5-Trimethoxy-benzoate ion",9.698970004,7.0,25.0,COc1cc(C(=O)[O-])cc(OC)c1OC,Training,10.1063/1.555808,train,9.698970004
88,"3,4,6-Trimethoxy-s-triazine",7.707570176,7.0,,c1cnnnc1,Training,10.1021/es503496u,train,7.707570176
89,"3,4-dimethoxybenzoate",9.653212514,7.0,,COc1ccc(C(=O)[O-])cc1OC,Training,10.1016/j.watres.2017.03.015,train,9.653212514
90,"3,4-Dimethoxy-benzoate ion",9.653212514,7.0,25.0,COc1ccc(C(=O)[O-])cc1OC,Training,10.1016/j.watres.2017.03.015,train,9.653212514
91,"3,5-dimethoxybenzoate",9.643452676,7.0,,COc1cc(OC)cc(C(=O)[O-])c1,Training,10.1063/1.555808,train,9.643452676
92,"3,5-dimethoxy-benzoate ",9.643452676,7.0,20.0,COc1cc(OC)cc(C(=O)[O-])c1,Training,10.1063/1.555808,train,9.643452676
93,"3,5-Dimethoxy-benzoate ion",9.643452676,7.0,25.0,COc1cc(OC)cc(C(=O)[O-])c1,Training,10.1063/1.555808,train,9.643452676
94,3-Bromotoluene,9.230448921,,25.0,Cc1cccc(Br)c1,Training,10.1016/j.chemosphere.2018.12.156,train,9.230448921
95,3-Chlorotoluene,8.954242509,,25.0,Cc1cccc(Cl)c1,Training,10.1016/j.chemosphere.2018.12.156,train,8.954242509
96,3-Methoxybenzoate,9.880813592,7.0,,COc1cccc(C(=O)[O-])c1,Training,10.1063/1.555808,train,9.880813592
97,3-methoxybenzoate ,9.880813592,7.0,20.0,COc1cccc(C(=O)[O-])c1,Training,10.1063/1.555808,train,9.880813592
98,3-Methoxybenzoate ion,9.880813592,7.0,25.0,COc1cccc(C(=O)[O-])c1,Training,10.1063/1.555808,train,9.880813592
99,3-Methylindole,10.07918125,7.0,,Cc1c[nH]c2ccccc12,Training,10.1016/j.chemosphere.2018.12.156,train,10.07918125
100,3-pentanol,8.204119983,,22.85,CCC(O)CC,Training,10.1002/kin.550250307,train,8.204119983
101,3-pentanol,8.204119983,7.0,22.0,CCC(O)CC,Training,10.1002/kin.550250307,train,8.204119983
102,4-(2-Hydroxyethyl)phenol,9.238046103,7.0,,OCCc1ccc(O)cc1,Training,10.1016/j.chemosphere.2018.12.156,train,9.238046103
103,4-Acetylbenzoate,9.301029996,7.0,,CC(=O)c1ccc(C(=O)[O-])cc1,Training,10.1063/1.555808,train,9.301029996
104,4-Bromobenzoate ion,9.0,7.0,,O=C([O-])c1ccc(Br)cc1,Training,10.1063/1.555808,train,9.0
105,4-Bromotoluene,9.0,,25.0,Cc1ccc(Br)cc1,Training,10.1016/j.chemosphere.2018.12.156,train,9.0
106,4-chloro benzoic acid (pCBA),8.556302501,7.0,,O=C(O)c1ccc(Cl)cc1,Training,10.1002/chin.197714152,train,8.556302501
107,4-Chlorobenzoate ion,8.556302501,7.0,,O=C([O-])c1ccc(Cl)cc1,Training,10.1063/1.555808,train,8.556302501
108,4-Chlorotoluene,9.041392685,,25.0,Cc1ccc(Cl)cc1,Training,10.1016/j.chemosphere.2018.12.156,train,9.041392685
109,4-Hydroxybenzoate,9.397940009,7.0,,O=C([O-])c1ccc(O)cc1,Training,10.1063/1.555808,train,9.397940009
110,4-Isobutylacetophenone (ibuprofen degrad. prod.),9.521138084,7.0,,CC(=O)c1ccc(CC(C)C)cc1,Training,10.1016/j.chemosphere.2018.12.156,train,9.521138084
111,4-Methoxybenzoate ion,5.054995862,7.0,25.0,COc1ccc(C(=O)[O-])cc1,Training,10.1016/j.chemosphere.2018.12.156,train,5.054995862
112,4-Nitrobenzoate,6.0,7.0,,O=C([O-])c1ccc([N+](=O)[O-])cc1,Training,10.1016/j.chemosphere.2018.12.156,train,6.0
113,4-Toluate,9.255272505,7.0,,Cc1ccc(C(=O)[O-])cc1,Training,10.1063/1.555808,train,9.255272505
114,5-Sulfo-salicylic acid,9.079181246,7.0,,O=C(O)c1cc(S(=O)(=O)O)ccc1O,Training,10.1016/j.chemosphere.2018.12.156,train,9.079181246
115,"7-Amino-desacetoxycephlosporanic
acid",9.562292864,7.4,21.0,CC(=O)OCC1=C(C(=O)O)N2C(=O)[C@@H](N)[C@H]2SC1,Training,doi.org/10.1016/j.watres.2012.06.006,train,9.562292864
116,"a,a,a-trifluorotoluene (TFT)",7.301029996,1.7,25.0,FC(F)(F)c1ccccc1,Training,10.1016/j.chemosphere.2018.12.156,train,7.301029996
117,"a,a,a-Trifuorotoluene",7.301029996,7.0,,FC(F)(F)c1ccccc1,Training,10.1016/j.chemosphere.2018.12.156,train,7.301029996
118,ACA (7-amino-desacetoxy-cephalosporanic acid),9.399673721,7.4,21.0,CC(=O)OCC1=C(C(=O)O)N2C(=O)[C@@H](N)[C@H]2SC1,Training,doi.org/10.1016/j.watres.2012.06.006,train,9.399673721
119,Acebutolol,10.30103,7.0,,CCCC(=O)Nc1ccc(OCC(O)CNC(C)C)c(C(C)=O)c1,Training,10.1016/j.chemosphere.2018.12.156,train,10.30103
120,Acesulfame K,7.301029996,7.4,21.0,CC1=CC(=O)N=S(=O)([O-])O1,Training,10.1016/j.chemosphere.2018.12.156,train,7.301029996
121,Acetaminophen,9.672097858,7.0,22.0,CC(=O)Nc1ccc(O)cc1,Training,10.1016/j.chemosphere.2018.12.156,train,9.672097858
122,Acetamiprid,9.25925697,3.0,20.0,CC(=NC#N)N(C)Cc1ccc(Cl)nc1,Training,10.1016/j.chemosphere.2018.12.156,train,9.25925697
123,Acetanilide,9.556302501,7.0,,CC(=O)Nc1ccccc1,Training,10.1002/chin.197714152,train,9.556302501
124,Acetanilide,9.222969167,7.0,25.0,CC(=O)Nc1ccccc1,Training,10.1002/chin.197714152,train,9.222969167
125,acetate,6.672097858,9.0,25.0,CC(=O)[O-],Training,10.1063/1.555808,train,6.672097858
126,Acetate ion,6.698970004,6.8,25.0,CC(=O)[O-],Training,10.1063/1.555808,train,6.698970004
127,Acetic ,6.507855872,4.5,25.0,CC(=O)O,Training,10.1063/1.555808,train,6.507855872
128,acetic acid,4.163985812,0.9,25.0,CC(=O)O,Training,10.1063/1.555808,train,4.163985812
129,Acetic Acid,5.301029996,7.0,24.85,CC(C)O,Training,10.1021/acs.est.5b03078,train,5.301029996
130,Acetophenone,8.491361694,7.0,25.0,CC(=O)c1ccccc1,Training,10.1002/chin.197714152,train,8.491361694
131,Acetyl-sulfamethoxazole,9.478566496,6.0,,CC(=O)Nc1ccc(S(=O)(=O)Nc2cc(C)on2)cc1,Training,10.1016/j.chemosphere.2018.12.156,train,9.478566496
132,Acrylate ion,8.041392685,6.5,25.0,C=CC(=O)[O-],Training,10.1063/1.555808,train,8.041392685
133,alanine,7.0,7.0,25.0,C[C@H](N)C(=O)O,Training,10.1016/j.watres.2017.03.015,train,7.0
134,ALC(Alachlor),9.822168079,7.0,25.0,CCc1cccc(CC)c1N(COC)C(=O)CCl,Training,10.1016/j.envint.2018.12.043,train,9.822168079
135,Allyl alcohol,9.176091259,6.8,25.0,C=CCO,Training,10.1063/1.555808,train,9.176091259
136,Ametryn,9.612783857,,,CCNc1nc(NC(C)C)nc(SC)n1,Training,10.1016/j.chemosphere.2018.12.156,train,9.612783857
137,Amitriptyline HCl,9.681241237,,,CN(C)CCC=C1c2ccccc2CCc2ccccc21,Training,10.1016/j.chemosphere.2018.12.156,train,9.681241237
138,Amitrole,8.411619706,3.0,,Nc1ncn[nH]1,Training,10.1016/j.chemosphere.2018.12.156,train,8.411619706
139,amoxicillin,9.462397998,7.4,20.0,CC1(C)S[C@@H]2[C@H](NC(=O)C(N)c3ccc(O)cc3)C(=O)N2[C@H]1C(=O)O,Training,10.1016/j.chemosphere.2018.12.156,train,9.462397998
140,Amoxicillin,9.541579244,7.4,21.0,CC1(C)S[C@@H]2[C@H](NC(=O)C(N)c3ccc(O)cc3)C(=O)N2[C@H]1C(=O)O,Training,10.1016/j.chemosphere.2018.12.156,train,9.541579244
141,Amoxicillin,9.541579244,7.4,21.0,CC1(C)S[C@@H]2[C@H](NC(=O)[C@H](N)c3ccc(O)cc3)C(=O)N2[C@H]1C(=O)O,Training,10.1016/j.chemosphere.2018.12.156,train,9.541579244
142,ampicillin,9.301029996,7.4,25.0,CC1(C)S[C@@H]2[C@H](NC(=O)[C@H](N)c3ccccc3)C(=O)N2[C@H]1C(=O)O,Training,10.1016/j.chemosphere.2018.12.156,train,9.301029996
143,"Aniline-2,5-disulfonic acid",9.255272505,2.9,,Nc1cc(S(=O)(=O)O)ccc1S(=O)(=O)O,Training,10.1016/j.chemosphere.2018.12.156,train,9.255272505
144,Anisole,9.691961514,7.0,,COc1ccccc1,Training,10.1002/chin.197714152,train,9.691961514
145,anisole,9.69019608,4.0,,COc1ccccc1,Training,10.1002/chin.197714152,train,9.69019608
146,anisole,9.69019608,7.0,20.0,COc1ccccc1,Training,10.1002/chin.197714152,train,9.69019608
147,a-Pinene,7.491361694,4.0,19.0,CC1=CCC2CC1C2(C)C,Training,10.1016/j.chemosphere.2018.12.156,train,7.491361694
148,Aspartame,9.357934847,7.4,21.0,COC(=O)C(Cc1ccccc1)NC(=O)C(N)CC(=O)O,Training,10.1016/j.chemosphere.2018.12.156,train,9.357934847
149,Atenolol,10.11394335,7.0,,CC(C)NCC(O)COc1ccc(CC(N)=O)cc1,Training,10.1016/j.chemosphere.2018.12.156,train,10.11394335
150,a-Terpineol,9.612783857,4.0,19.0,CC1=CC[C@H](C(C)(C)O)CC1,Training,10.1016/j.chemosphere.2018.12.156,train,9.612783857
151,Atraton,8.812913357,,,CCNc1nc(NC(C)C)nc(OC)n1,Training,10.1016/j.chemosphere.2018.12.156,train,8.812913357
152,Atrazine,9.146128036,7.5,,CCNc1nc(Cl)nc(NC(C)C)n1,Training,10.1016/j.envint.2018.12.043,train,9.146128036
153,"atrazine (6-chloro-2-ethylamino-4-isopropylamino-1,3,5-triazine)",9.544068044,7.8,,CCNc1nc(Cl)nc(NC(C)C)n1,Training,10.1016/j.envint.2018.12.043,train,9.544068044
154,"Atrazine(6-Chloro-2-ethylamino-4-isopropylamino-
1,3,5-triazine)",9.653212514,7.0,,CCNc1nc(Cl)nc(NC(C)C)n1,Training,10.1016/j.envint.2018.12.043,train,9.653212514
155,ATZ(Atrazine),9.36361198,7.0,25.0,CCNc1nc(Cl)nc(NC(C)C)n1,Training,10.1016/j.envint.2018.12.043,train,9.36361198
156,Azathioprine,9.334453751,7.0,,Cn1cnc([N+](=O)[O-])c1Sc1ncnc2nc[nH]c12,Training,10.1016/j.chemosphere.2018.12.156,train,9.334453751
157,AZT(Azithromycin),9.469822016,7.0,25.0,CC[C@H]1OC(=O)[C@H](C)[C@@H](O[C@H]2C[C@@](C)(OC)[C@@H](O)[C@H](C)O2)C(C)[C@@H](O[C@@H]2O[C@H](C)C[C@H](N(C)C)[C@H]2O)[C@](C)(O)C[C@@H](C)CN(C)[C@H](C)[C@@H](O)[C@]1(C)O,Training,10.1016/j.envint.2018.12.043,train,9.469822016
158,Benzaldehyde,8.851258349,,25.0,O=Cc1ccccc1,Training,10.1016/j.chemosphere.2018.12.156,train,8.851258349
159,Benzamide,8.177150281,7.0,25.0,NC(=O)c1ccccc1,Training,10.1002/chin.197714152,train,8.177150281
160,benzene,8.826074803,9.0,25.0,c1ccccc1,Training,10.1002/chin.197714152,train,8.826074803
161,benzene,9.806179974,4.0,25.0,c1ccccc1,Training,10.1002/chin.197714152,train,9.806179974
162,benzene,9.380211242,3.0,25.0,COc1ccccc1,Training,10.1002/chin.197714152,train,9.380211242
163,benzene,9.190105621,7.0,25.0,c1ccccc1,Training,10.1002/chin.197714152,train,9.190105621
164,Benzoate,9.079181246,7.0,,O=C([O-])c1ccccc1,Training,10.1016/j.chemosphere.2018.12.156,train,9.079181246
165,Benzoate ion,9.079181246,7.0,25.0,C=CC(=O)[O-],Training,10.1063/1.555808,train,9.079181246
166,Benzoic acid,9.079181246,7.0,25.0,O=C(O)c1ccccc1,Training,10.1002/chin.197714152,train,9.079181246
167,benzoic acid,9.079181246,2.3,,O=C(O)c1ccccc1,Training,10.1002/chin.197714152,train,9.079181246
168,Benzonitrile,8.079181246,7.0,,N#Cc1ccccc1,Training,10.1002/chin.197714152,train,8.079181246
169,Benzonitrile,8.079181246,7.0,25.0,N#Cc1ccccc1,Training,10.1002/chin.197714152,train,8.079181246
170,Benzophenone,9.602059991,,25.0,O=C(c1ccccc1)c1ccccc1,Training,10.1016/j.chemosphere.2018.12.156,train,9.602059991
171,Benzothiazole,9.51851394,7.0,20.0,c1ccc2scnc2c1,Training,10.1016/j.chemosphere.2018.12.156,train,9.51851394
172,Bisphenol A,9.136720567,7.0,,CC(C)(c1ccc(O)cc1)c1ccc(O)cc1,Training,10.1016/j.chemosphere.2018.12.156,train,9.136720567
173,Brilliant green,9.344392274,5.7,,CCN(CC)c1ccc([C+](c2ccccc2)c2ccc(N(CC)CC)cc2)cc1.O=S(=O)([O-])O,Training,10.1016/j.chemosphere.2018.12.156,train,9.344392274
174,C.I. Reactive Orange 16,9.133538908,,,CC(=O)N=C1C=CC2=C(S(=O)(=O)[O-])C(NNc3cccc(S(=O)(=O)CCOS(=O)(=O)[O-])c3)=CC(=O)C2=C1,Training,10.1016/j.chemosphere.2018.12.156,train,9.133538908
175,Caffeine,9.378397901,7.0,,Cn1c(=O)c2c(ncn2C)n(C)c1=O,Training,doi.org/10.1016/j.watres.2012.06.006,train,9.378397901
176,Carbamazepine,9.283301229,3.0,25.0,NC(=O)N1c2ccccc2C=Cc2ccccc21,Training,10.1016/j.envint.2018.12.043,train,9.283301229
177,Carbenicillin,8.930378562,7.4,21.0,CC1(C)S[C@@H]2[C@H](NC(=O)C(C(=O)[O-])c3ccccc3)C(=O)N2[C@H]1C(=O)[O-],Training,10.1016/j.chemosphere.2018.12.156,train,8.930378562
178,Cefaclor,9.387389826,7.4,21.0,N[C@@H](C(=O)N[C@@H]1C(=O)N2C(C(=O)O)=C(Cl)CS[C@H]12)c1ccccc1,Training,10.1016/j.chemosphere.2018.12.156,train,9.387389826
179,Cefaclor,9.278753601,7.4,21.0,N[C@@H](C(=O)N[C@@H]1C(=O)N2C(C(=O)O)=C(Cl)CS[C@H]12)c1ccccc1,Training,10.1016/j.chemosphere.2018.12.156,train,9.278753601
180,Cefalexin,9.290034611,7.4,21.0,CC1=C(CO)N2C(=O)[C@@H](NC(=O)[C@H](N)c3ccccc3)[C@H]2SC1,Training,10.1016/j.chemosphere.2018.12.156,train,9.290034611
181,Cefalotin,9.447158031,7.4,21.0,CC(=O)OCC1=C(C(=O)[O-])N2C(=O)[C@@H](NC(=O)Cc3cccs3)[C@H]2SC1,Training,10.1021/acs.est.5b03078,train,9.447158031
182,Cefotaxime,9.093421685,7.4,,CO/N=C(\C(=O)N[C@H]1C(=O)N2C(C(=O)[O-])=C(COC(C)=O)CS[C@@H]12)c1csc(N)n1,Training,10.1016/j.chemosphere.2018.12.156,train,9.093421685
183,Cefotaxime,9.222716471,7.4,21.0,CO/N=C(\C(=O)N[C@H]1C(=O)N2C(C(=O)[O-])=C(COC(C)=O)CS[C@@H]12)c1csc(N)n1,Training,10.1016/j.chemosphere.2018.12.156,train,9.222716471
184,Cephalothin,9.607455023,7.4,21.0,CC(=O)OCC1=C(C(=O)[O-])N2C(=O)[C@@H](NC(=O)Cc3cccs3)[C@H]2SC1,Training,10.1021/acs.est.5b03078,train,9.607455023
185,Chlorophene,9.255272505,7.0,,C=CC(=C)Cl,Training,10.1016/j.chemosphere.2018.12.156,train,9.255272505
186,ciprofloxacin (CIP),9.322219295,7.0,,O=C(O)c1cn(C2CC2)c2cc(N3CCNCC3)c(F)cc2c1=O,Training,10.1016/j.chemosphere.2018.12.156,train,9.322219295
187,cis-Pinonic acid,7.204119983,3.0,25.0,CC(=O)[C@@H]1C[C@H](CC(=O)O)C1(C)C,Training,10.1016/j.chemosphere.2018.12.156,train,7.204119983
188,Clomazone,8.973127854,4.4,,CC1(C)CON(Cc2ccccc2Cl)C1=O,Training,10.1016/j.chemosphere.2018.12.156,train,8.973127854
189,Cloxacillin,9.015704232,7.4,21.0,Cc1onc(-c2ccccc2Cl)c1C(=O)N[C@@H]1C(=O)N2[C@@H](C(=O)O)C(C)(C)S[C@H]12,Training,10.1016/j.chemosphere.2018.12.156,train,9.015704232
190,Crotonic acid,8.886490725,4.8,25.0,C/C=C/C(=O)O,Training,10.1063/1.555808,train,8.886490725
191,Cyanuric acid,7.278753601,5.0,,O=c1[nH]c(=O)[nH]c(=O)[nH]1,Training,10.1016/j.chemosphere.2018.12.156,train,7.278753601
192,Cyclopentanol,8.325639007,,22.0,OC1CCCC1,Training,10.1021/acs.est.5b03078,train,8.325639007
193,cyclopentanol,8.447158031,7.0,22.0,OC1CCCC1,Training,10.1021/acs.est.5b03078,train,8.447158031
194,Cylindrospermopsin,9.653212514,7.4,,C[C@H]1[C@@H](OS(=O)(=O)O)C[C@@H]2C[C@H]([C@H](O)c3cc(=O)[nH]c(=O)[nH]3)NC3=NC[C@H]1N32,Training,10.1016/j.chemosphere.2018.12.156,train,9.653212514
195,DCF(Diclofenac),9.71432976,7.0,25.0,O=C(O)Cc1ccccc1Nc1c(Cl)cccc1Cl,Training,10.1021/acs.est.5b03078,train,9.71432976
196,Desethyl-atrazine,8.982271233,7.5,,CC(C)Nc1nc(N)nc(Cl)n1,Training,doi.org/10.1016/j.watres.2012.06.006,train,8.982271233
197,"desethyl-atrazine (DEA) (6-chloro-2-amino-4-isopropylamino-1,3,5-triazine)",8.982271233,7.8,,CC(C)Nc1nc(N)nc(Cl)n1,Training,doi.org/10.1016/j.watres.2012.06.006,train,8.982271233
198,Desethyl-desisopropyl atrazine,8.176091259,7.5,,Nc1nc(N)nc(Cl)n1,Training,doi.org/10.1016/j.watres.2012.06.006,train,8.176091259
199,"Desethyl-desisopropyl-atrazine
(DEDIA)
6-Chloro-2,4-amino-1,3,5-triazine",8.176091259,7.0,,Nc1nc(N)nc(Cl)n1,Training,doi.org/10.1016/j.watres.2012.06.006,train,8.176091259
200,Desethyl-terbuthylazine,8.556302501,7.5,,CC(C)(C)Nc1nc(=O)nc(N)[nH]1,Training,10.1016/j.chemosphere.2018.12.156,train,8.556302501
201,"desethyl-terbuthylazine (DET) (6-chloro-2-amino-4-terbutylamino-1,3,5-triazine)",8.556302501,7.8,,c1ncncn1,Training,10.1016/j.chemosphere.2018.12.156,train,8.556302501
202,"Desethyl-terbuthylazine (DET)
6-Chloro-2-amino-4-terbutylamino-1,3,5-
triazine",8.556302501,7.0,,CC(C)(C)Nc1nc(N)nc(Cl)n1,Training,doi.org/10.1016/j.watres.2012.06.006,train,8.556302501
203,Desisopropyl-atrazine,9.301029996,7.5,,CCNc1nc(N)nc(Cl)n1,Training,doi.org/10.1016/j.watres.2012.06.006,train,9.301029996
204,Diatriozate,9.278753601,6.5,20.0,CC(=O)Nc1c(I)c(NC(C)=O)c(I)c(C(=O)[O-])c1I,Training,10.1016/j.chemosphere.2018.12.156,train,9.278753601
205,Dibutyl phthalate,8.079181246,6.0,,CCCCOC(=O)c1ccccc1C(=O)OCCCC,Training,10.1016/j.chemosphere.2018.12.156,train,8.079181246
206,Dichloroacetonitrile,7.803457116,6.0,,N#CC(Cl)Cl,Training,10.1016/j.chemosphere.2018.12.156,train,7.803457116
207,Diclofenac,9.917883486,7.0,,O=C(O)Cc1ccccc1Nc1c(Cl)cccc1Cl,Training,10.1021/acs.est.5b03078,train,9.917883486
208,diclofenac,9.963787827,8.4,20.0,O=C(O)Cc1ccccc1Nc1c(Cl)cccc1Cl,Training,10.1021/acs.est.5b03078,train,9.963787827
209,diethyl ether,8.113943352,7.0,22.0,CCOCC,Training,10.1021/acs.est.5b03078,train,8.113943352
210,diethyl ether,8.113943352,,22.85,CCOCC,Training,10.1021/acs.est.5b03078,train,8.113943352
211,diethyl ether,8.113943352,7.0,23.0,CCOCC,Training,10.1021/acs.est.5b03078,train,8.113943352
212,diethyl ether,7.427946747,,25.0,C=O,Training,10.1002/kin.550210807,train,7.427946747
213,Diethyl phthalate,7.806179974,6.0,,CCOC(=O)c1ccccc1C(=O)OCC,Training,10.1016/j.chemosphere.2018.12.156,train,7.806179974
214,Difluoroacetic acid,4.939519253,,,O=C(O)C(F)F,Training,10.1016/j.chemosphere.2018.12.156,train,4.939519253
215,dimethyl disulfide ,8.579783597,4.5,25.0,CSSC,Training,10.1021/acs.est.5b03078,train,8.579783597
216,dimethyl succinate,7.249224202,,25.0,COC(=O)CCC(=O)OC,Training,10.1002/kin.1049,train,7.249224202
217,Dimetridazole,9.51851394,7.0,,Cc1ncc([N+](=O)[O-])n1C,Training,10.1016/j.chemosphere.2018.12.156,train,9.51851394
218,Dioxane,7.204119983,7.5,25.0,C1COCCO1,Training,10.1002/kin.550250307,train,7.204119983
219,dipropyl ether ,8.342422681,7.0,23.0,CCCOCCC,Training,10.1002/kin.550250307,train,8.342422681
220,DIU(Diuron),9.666517981,7.0,25.0,CN(C)C(=O)Nc1ccc(Cl)c(Cl)c1,Training,10.1016/j.chemosphere.2018.12.156,train,9.666517981
221,DXT(Dexamethasone),9.713490543,7.0,25.0,C[C@@H]1C[C@H]2[C@@H]3CCC4=CC(=O)C=C[C@]4(C)[C@@]3(F)[C@@H](O)C[C@]2(C)[C@@]1(O)C(=O)CO,Training,10.1016/j.envint.2018.12.043,train,9.713490543
222,E2(17??-Estradiol),8.517195898,7.0,25.0,C[C@]12CC[C@@H]3c4ccc(O)cc4CC[C@H]3[C@@H]1CC[C@@H]2O,Training,10.1021/acs.est.5b03078,train,8.517195898
223,EE2(17??-Ethynylestradiol),9.73239376,7.0,25.0,C#C[C@]1(O)CC[C@H]2[C@@H]3CCc4cc(O)ccc4[C@H]3CC[C@@]21C,Training,doi.org/10.1016/j.watres.2012.06.006,train,9.73239376
224,Epicatechin,9.164352856,4.2,21.85,Oc1cc(O)c2c(c1)OC(c1ccc(O)c(O)c1)C(O)C2,Training,10.1002/kin.20492,train,9.164352856
225,Epicatechingallate,9.079181246,4.2,21.85,CCCCCCCO,Training,10.1021/acs.est.5b03078,train,9.079181246
226,Epigalocatechingallate,9.017033339,4.2,21.85,O=C(O[C@@H]1Cc2c(O)cc(O)cc2O[C@@H]1c1cc(O)c(O)c(O)c1)c1cc(O)c(O)c(O)c1,Training,10.1002/kin.20492,train,9.017033339
227,ERM(Erythromycin),9.649334859,7.0,25.0,CC[C@H]1OC(=O)[C@H](C)[C@@H](O[C@H]2C[C@@](C)(OC)[C@@H](O)[C@H](C)O2)[C@H](C)[C@@H](O[C@@H]2O[C@H](C)C[C@H](N(C)C)[C@H]2O)[C@](C)(O)C[C@@H](C)C(=O)[C@H](C)[C@@H](O)[C@]1(C)O,Training,10.1016/j.envint.2018.12.043,train,9.649334859
228,ethane,6.643452676,7.0,23.0,CC,Training,10.1002/kin.550250307,train,6.643452676
229,ethane,6.643452676,,22.85,CC,Training,10.1002/kin.550250307,train,6.643452676
230,ethanol,7.633468456,7.0,23.0,CCO,Training,10.1002/kin.550250307,train,7.633468456
231,Ethanol,7.477121255,,25.0,CCO,Training,10.1002/kin.550250307,train,7.477121255
232,ethanol,7.633468456,,22.85,CCO,Training,10.1002/kin.550250307,train,7.633468456
233,ethanol,7.204119983,7.5,20.0,CCO,Training,10.1002/kin.550250307,train,7.204119983
234,Ethanol,7.420682482,,,CCO,Training,10.1002/kin.550250307,train,7.420682482
235,ethanol,7.886490725,4.8,25.0,CCO,Training,10.1002/kin.550250307,train,7.886490725
236,ethanol,7.892094603,7.0,25.0,CCO,Training,10.1002/kin.550250307,train,7.892094603
237,Ethanol,7.420682482,,31.85,CCO,Training,10.1002/kin.550250307,train,7.420682482
238,ethinylestradiol,9.478566496,7.4,20.0,C#COc1ccc2c(c1)CC[C@@H]1[C@@H]2CC[C@]2(C)[C@@H](O)CC[C@@H]12,Training,10.1021/acs.est.5b03078,train,9.478566496
239,Fenuron,9.662757832,7.0,,CN(C)C(=O)Nc1ccccc1,Training,10.1016/j.chemosphere.2018.12.156,train,9.662757832
240,Florfenicol,8.120573931,7.0,,CS(=O)(=O)c1ccc([C@@H](O)[C@@H](CF)NC(=O)C(Cl)Cl)cc1,Training,10.1016/j.chemosphere.2018.12.156,train,8.120573931
241,Fluomethuron,9.662757832,7.0,24.85,CN(C)C(=O)Nc1cccc(C(F)(F)F)c1,Training,10.1016/j.chemosphere.2018.12.156,train,9.662757832
242,Fluorobenzene,8.991226076,7.0,,Fc1ccccc1,Training,10.1016/j.chemosphere.2018.12.156,train,8.991226076
243,Flusilazole,8.662757832,,,C[Si](Cn1cncn1)(c1ccc(F)cc1)c1ccc(F)cc1,Training,10.1016/j.chemosphere.2018.12.156,train,8.662757832
244,formaldehyde,7.041392685,7.0,22.0,C=O,Training,10.1002/kin.550210807,train,7.041392685
245,formate,8.230448921,7.0,25.0,O=C[O-],Training,10.1016/j.watres.2017.03.015,train,8.230448921
246,formate,7.785329835,9.0,25.0,O=C[O-],Training,10.1016/j.watres.2017.03.015,train,7.785329835
247,Formic,7.71432976,4.5,25.0,O=CO,Training,10.1063/1.555808,train,7.71432976
248,formic acid ,5.662757832,0.5,25.0,O=CO,Training,10.1063/1.555808,train,5.662757832
249,formic acid ,5.73239376,0.0,25.0,O=CO,Training,10.1063/1.555808,train,5.73239376
250,fumarate,7.204119983,7.0,25.0,O=C([O-])/C=C/C(=O)[O-],Training,10.1021/acs.est.5b03078,train,7.204119983
251,Gallate ion,8.962397998,5.4,,O=C([O-])c1cc(O)c(O)c(O)c1,Training,10.1016/j.chemosphere.2018.12.156,train,8.962397998
252,Gallic acid,9.299340549,3.1,,O=C(O)c1cc(O)c(O)c(O)c1,Training,10.1063/1.555808,train,9.299340549
253,Gatifloxacin,9.477121255,7.0,,COc1c(N2CCNC(C)C2)c(F)cc2c(=O)c(C(=O)O)cn(C3CC3)c12,Training,10.1016/j.chemosphere.2018.12.156,train,9.477121255
254,Gemfibrozil,8.85308953,7.0,,Cc1ccc(C)c(OCCCC(C)(C)C(=O)O)c1,Training,10.1016/j.chemosphere.2018.12.156,train,8.85308953
255,Geosmin,8.880813592,7.0,20.0,C[C@H]1CCC[C@@]2(C)CCCC[C@]12O,Training,10.1016/j.chemosphere.2018.12.156,train,8.880813592
256,Geraniol,9.167317335,,,CC(C)=CCC/C(C)=C/CO,Training,10.1016/j.chemosphere.2018.12.156,train,9.167317335
257,glycine,6.954242509,7.0,25.0,NCC(=O)O,Training,10.1021/acs.est.5b03078,train,6.954242509
258,glycolate,7.204119983,9.0,25.0,O=C([O-])CO,Training,10.1021/acs.est.5b03078,train,7.204119983
259,Glycolic,7.146128036,4.5,25.0,O=C(O)CO,Training,10.1021/acs.est.5b03078,train,7.146128036
260,Glyoxdal,7.371067862,,31.85,CC(C)(C)O,Training,10.1016/j.watres.2017.03.015,train,7.371067862
261,Glyphosate,8.204119983,4.0,25.0,O=C(O)CNCP(=O)(O)O,Training,10.1016/j.chemosphere.2018.12.156,train,8.204119983
262,histidine,9.397940009,7.0,25.0,N[C@@H](Cc1c[nH]cn1)C(=O)O,Training,10.1021/acs.est.5b03078,train,9.397940009
263,hydrated glyoxal,7.380211242,,25.0,O=CC=O,Training,10.1002/kin.1049,train,7.380211242
264,hydrogen malate,6.929418926,4.3,25.0,O=C([O-])CC(O)C(=O)O,Training,10.1021/acs.est.5b03078,train,6.929418926
265,IBU(neutral ibuprofen) ,10.61909333,3.0,20.0,CC(C)Cc1ccc(C(C)C(=O)O)cc1,Training,10.1021/acs.est.5b03078,train,10.61909333
266,Ibuprofen,9.579783597,,,CC(C)Cc1ccc(C(C)C(=O)O)cc1,Training,10.1021/acs.est.5b03078,train,9.579783597
267,Imidacloprid,8.477121255,3.0,20.0,O=[N+]([O-])NC1=NCCN1Cc1ccc(Cl)nc1,Training,10.1016/j.chemosphere.2018.12.156,train,8.477121255
268,Indomethacin,8.796574333,7.0,20.0,COc1ccc2c(c1)c(CC(=O)O)c(C)n2C(=O)c1ccc(Cl)cc1,Training,10.1016/j.chemosphere.2018.12.156,train,8.796574333
269,Iodoacetic acid,9.531478917,7.0,,O=C(O)CI,Training,10.1016/j.chemosphere.2018.12.156,train,9.531478917
270,Iodobenzene,7.954242509,,,Ic1ccccc1,Training,10.1016/j.chemosphere.2018.12.156,train,7.954242509
271,Iopromide,8.556302501,7.0,,COCC(=O)Nc1c(I)c(C(=O)NCC(O)CO)c(I)c(C(=O)N(C)CC(O)CO)c1I,Training,10.1016/j.chemosphere.2018.12.156,train,8.556302501
272,isoborneol,9.055967256,7.4,20.0,CC1(C)C2CCC1(C)C(O)C2,Training,10.1021/acs.est.5b03078,train,9.055967256
273,Isoproturon,9.462397998,7.0,24.85,CC(C)c1ccc(NC(=O)N(C)C)cc1,Training,10.1016/j.envint.2018.12.043,train,9.462397998
274,lactate,7.204119983,9.0,25.0,CC(O)C(=O)[O-],Training,10.1021/acs.est.5b03078,train,7.204119983
275,Lactic,7.176091259,4.5,25.0,CC(O)C(=O)O,Training,10.1021/acs.est.5b03078,train,7.176091259
276,lactic acid ,7.0,1.0,25.0,CC(O)C(=O)O,Training,10.1021/acs.est.5b03078,train,7.0
277,l-Butanol,7.903089987,,22.0,CCCCO,Training,10.1002/kin.550210807,train,7.903089987
278,l-Butanol,7.908485019,,,CO,Training,10.1016/j.watres.2017.03.015,train,7.908485019
279,Lindane,9.113943352,7.4,,ClC1C(Cl)C(Cl)C(Cl)C(Cl)C1Cl,Training,10.1016/j.chemosphere.2018.12.156,train,9.113943352
280,Linuron,9.707570176,7.0,24.85,CON(C)C(=O)Nc1ccc(Cl)c(Cl)c1,Training,10.1016/j.chemosphere.2018.12.156,train,9.707570176
281,l-Octanol,8.579783597,,22.0,CCCCCCCCO,Training,10.1002/kin.550210807,train,8.579783597
282,l-Pentanol,8.113943352,,22.0,CCCCCO,Training,10.1002/kin.550210807,train,8.113943352
283,l-Propanol,7.770852012,,22.0,[2H]OC([2H])([2H])C([2H])([2H])[2H],Training,10.1002/kin.550210807,train,7.770852012
284,Malic,6.995635195,4.5,25.0,O=C(O)CC(O)C(=O)O,Training,10.1021/acs.est.5b03078,train,6.995635195
285,malonate,6.707570176,9.0,25.0,O=C([O-])CC(=O)[O-],Training,10.1016/j.watres.2017.03.015,train,6.707570176
286,Malonic,6.230448921,4.5,25.0,O=C(O)CC(=O)O,Training,10.1021/acs.est.5b03078,train,6.230448921
287,malonic acid ,6.431363764,1.0,25.0,O=C(O)CC(=O)O,Training,10.1021/acs.est.5b03078,train,6.431363764
288,m-Cresol,9.579783597,,,Cc1cccc(O)c1,Training,10.1016/j.chemosphere.2018.12.156,train,9.579783597
289,mesitylene,9.113943352,4.0,25.0,Cc1cc(C)cc(C)c1,Training,10.1016/j.chemosphere.2018.12.156,train,9.113943352
290,Methacrylonitrile,8.579783597,7.0,25.0,C=C(C)C#N,Training,10.1063/1.555808,train,8.579783597
291,methane,6.0,,22.85,C,Training,10.1002/kin.550250307,train,6.0
292,Methanol,7.301029996,,31.85,CC(=O)O,Training,10.1063/1.555808,train,7.301029996
293,methanol,7.0,7.0,23.0,CO,Training,10.1016/j.watres.2017.03.015,train,7.0
294,methanol,6.944482672,5.5,25.0,CO,Training,10.1016/j.watres.2017.03.015,train,6.944482672
295,Methanol,7.301029996,,25.0,CO,Training,10.1016/j.watres.2017.03.015,train,7.301029996
296,methanol,6.505149978,7.5,20.0,CO,Training,10.1016/j.watres.2017.03.015,train,6.505149978
297,methanol,7.228730073,7.0,22.0,CO,Training,10.1016/j.watres.2017.03.015,train,7.228730073
298,methanol,6.880813592,9.0,25.0,CO,Training,10.1016/j.watres.2017.03.015,train,6.880813592
299,methanol,7.397940009,1.0,25.0,CO,Training,10.1016/j.watres.2017.03.015,train,7.397940009
300,Methanol,7.228730073,,22.0,CO,Training,10.1016/j.watres.2017.03.015,train,7.228730073
301,methanol,6.505149978,1.7,20.0,c1ccccc1,Training,10.1002/chin.197714152,train,6.505149978
302,Methanol ,7.228730073,,22.85,CO,Training,10.1016/j.watres.2017.03.015,train,7.228730073
303,Methanol(spectrograde),6.991226076,,22.0,N[C@@H](Cc1ccc(O)cc1)C(=O)O,Training,10.1021/acs.est.5b03078,train,6.991226076
304,Methanol-d4,7.10083509,,22.0,[2H]OC([2H])([2H])[2H],Training,10.1002/kin.550210807,train,7.10083509
305,Methanol-dl,7.041392685,,22.0,C=COC(C)=O,Training,10.1002/kin.550210807,train,7.041392685
306,Methyl 2-aminobenzoate,9.748188027,,,COC(=O)c1ccccc1N,Training,10.1016/j.chemosphere.2018.12.156,train,9.748188027
307,Methyl methacrylate,7.0,7.3,25.0,C=C(C)C(=O)OC,Training,10.1063/1.555808,train,7.0
308,Methyl salicylate,8.963787827,,,COC(=O)c1ccccc1O,Training,10.1016/j.chemosphere.2018.12.156,train,8.963787827
309,Metoprolol,9.7084209,7.0,,COCCc1ccc(OCC(O)CNC(C)C)cc1,Training,10.1016/j.chemosphere.2018.12.156,train,9.7084209
310,Metoprolol,10.0,7.0,,CC(C)NCC(O)COc1ccc(CCO)cc1,Training,10.1016/j.chemosphere.2018.12.156,train,10.0
311,m-Hydroxybenzaldehyde,9.62324929,,,O=Cc1cccc(O)c1,Training,10.1016/j.chemosphere.2018.12.156,train,9.62324929
312,Monochloroacetonitrile,7.873901598,6.0,,N#CCCl,Training,10.1016/j.chemosphere.2018.12.156,train,7.873901598
313,Monofluoroacetic acid,6.531478917,,,O=C(O)CF,Training,10.1016/j.chemosphere.2018.12.156,train,6.531478917
314,Monolinuron,9.77815125,7.0,24.85,CON(C)C(=O)Nc1ccc(Cl)cc1,Training,10.1016/j.chemosphere.2018.12.156,train,9.77815125
315,Monuron,9.698970004,7.0,,CN(C)C(=O)Nc1ccc(Cl)cc1,Training,10.1016/j.chemosphere.2018.12.156,train,9.698970004
316,m-Toluate ion,9.301029996,7.0,25.0,Cc1cccc(C(=O)[O-])c1,Training,10.1016/j.chemosphere.2018.12.156,train,9.301029996
317,m-Toluic acid,9.301029996,7.0,25.0,Cc1cccc(C(=O)O)c1,Training,10.1002/chin.197714152,train,9.301029996
318,Myrtenal,9.267171728,4.0,19.0,CC1(C)C2CC=C(C=O)C1C2,Training,10.1016/j.chemosphere.2018.12.156,train,9.267171728
319,"N,N-diethyl-m-toluamide",9.278753601,7.0,26.0,CCN(CC)C(=O)c1cccc(C)c1,Training,10.1016/j.chemosphere.2018.12.156,train,9.278753601
320,"N,N-diethyl-m-toluamide",9.278753601,7.0,25.0,CCN(CC)C(=O)c1cccc(C)c1,Training,10.1016/j.chemosphere.2018.12.156,train,9.278753601
321,Naproxen,9.751279104,7.0,,COc1ccc2cc(C(C)C(=O)O)ccc2c1,Training,10.1016/j.chemosphere.2018.12.156,train,9.751279104
322,Nitrobenzene,6.0,7.0,,O=[N+]([O-])c1ccccc1,Training,10.1002/chin.197714152,train,6.0
323,Nortriptylene HCl,10.30103,7.0,,CNCCC=C1c2ccccc2CCc2ccccc21.[H+],Training,10.1016/j.chemosphere.2018.12.156,train,10.30103
324,o-Bromobenzoate ion,8.939519253,7.0,25.0,O=C([O-])c1ccccc1Br,Training,10.1021/acs.est.5b03078,train,8.939519253
325,o-Bromobenzoic acid,8.939519253,7.0,25.0,O=C(O)c1ccccc1Br,Training,10.1063/1.555808,train,8.939519253
326,o-Cresol,9.531478917,,25.0,Cc1ccccc1O,Training,10.1002/chin.197714152,train,9.531478917
327,o-Hydroxybenzaldehyde,9.792391689,,,O=Cc1ccccc1O,Training,10.1016/j.chemosphere.2018.12.156,train,9.792391689
328,Ornidazole,9.530199698,7.0,,Cc1ncc([N+](=O)[O-])n1CC(O)CCl,Training,10.1016/j.chemosphere.2018.12.156,train,9.530199698
329,o-Toluate ion,9.146128036,7.0,25.0,Cc1ccccc1C(=O)[O-],Training,10.1016/j.chemosphere.2018.12.156,train,9.146128036
330,o-Toluic acid,9.146128036,7.0,25.0,Cc1ccccc1C(=O)O,Training,10.1016/j.chemosphere.2018.12.156,train,9.146128036
331,oxalate,7.113943352,9.0,25.0,O=C([O-])C(=O)[O-],Training,10.1002/chin.197714152,train,7.113943352
332,Oxalic,6.939519253,4.5,25.0,O=C(O)C(=O)O,Training,10.1016/j.watres.2017.03.015,train,6.939519253
333,oxalic acid,6.041392685,1.0,25.0,O=C(O)C(=O)O,Training,10.1021/acs.est.5b03078,train,6.041392685
334,oxane (tetrahydropyran) (C5H10O),8.951823035,7.5,9.4,C1CCOCC1,Training,10.1021/acs.est.5b03078,train,8.951823035
335,Oxcarbazepine,8.550228353,7.0,,NC(=O)N1c2ccccc2CC(=O)c2ccccc21,Training,10.1021/acs.est.5b03078,train,8.550228353
336,oxepane (C6H120),8.252853031,7.5,9.4,C1CCCOCC1,Training,10.1016/j.chemosphere.2018.12.156,train,8.252853031
337,oxetane,8.053078443,7.0,24.4,C1COC1,Training,10.1021/acs.est.5b03078,train,8.053078443
338,Oxolane (Tetrahydrofuran),8.447158031,,,Oc1ccccc1,Training,10.1021/ie9002848,train,8.447158031
339,oxolane (tetrahydrofuran) (C4H80),8.267171728,7.5,9.1,C1COCCO1,Training,10.1002/kin.550250307,train,8.267171728
340,OXY(Oxytetracycline),9.025305865,7.0,25.0,CN(C)[C@@H]1C(=O)/C(=C(\N)O)C(=O)[C@@]2(O)C(=O)[C-]3C(=O)c4c([O-])cccc4[C@@](C)(O)[C@H]3[C@H](O)[C@@H]12,Training,10.1016/j.envint.2018.12.043,train,9.025305865
341,p-Acetylbenzoate ion,8.301029996,7.0,25.0,CC(=O)c1ccc(C(=O)[O-])cc1,Training,10.1063/1.555808,train,8.301029996
342,p-Acetylbenzoic acid,8.301029996,7.0,,CC(=O)c1ccc(C(=O)O)cc1,Training,10.1016/j.watres.2017.03.015,train,8.301029996
343,p-acetylbenzoic acid ,8.301029996,7.0,25.0,CC(=O)c1ccc(C(=O)O)cc1,Training,10.1016/j.watres.2017.03.015,train,8.301029996
344,Paraquat dichloride,8.079181246,4.0,25.0,C[n+]1ccc(-c2cc[n+](C)cc2)cc1,Training,10.1016/j.chemosphere.2018.12.156,train,8.079181246
345,p-Bromobenzoate ion,9.0,7.0,25.0,O=C([O-])c1ccc(Br)cc1,Training,10.1063/1.555808,train,9.0
346,p-Chlorobenzoate ion,8.556302501,7.0,25.0,O=C([O-])c1ccc(Cl)cc1,Training,10.1063/1.555808,train,8.556302501
347,p-Chlorobenzoic acid,8.556302501,7.0,25.0,O=C(O)c1ccc(Cl)cc1,Training,10.1002/chin.197714152,train,8.556302501
348,p-Cresol,9.447158031,4.0,,Cc1ccc(O)cc1,Training,10.1021/acs.est.5b03078,train,9.447158031
349,p-cresol ,9.447158031,4.0,25.0,Cc1ccc(O)cc1,Training,10.1021/acs.est.5b03078,train,9.447158031
350,p-Cumenesulfonate,9.439332694,6.5,25.0,CC(C)c1ccc(S(=O)(=O)[O-])cc1,Training,10.1016/j.chemosphere.2018.12.156,train,9.439332694
351,p-Cyanobenzoate ion,7.51851394,4.8,25.0,N#Cc1ccc(C(=O)[O-])cc1,Training,10.1016/j.chemosphere.2018.12.156,train,7.51851394
352,p-Cyanobenzoic acid,8.51851394,7.0,25.0,N#Cc1ccc(C(=O)O)cc1,Training,10.1002/chin.197714152,train,8.51851394
353,Penicillin G,9.192170475,7.4,21.0,CC1(C)S[C@@H]2[C@H](NC(=O)Cc3ccccc3)C(=O)N2[C@H]1C(=O)O,Training,10.1021/acs.est.5b03078,train,9.192170475
354,penicillinG,9.192170475,7.4,20.0,CC1(C)S[C@@H]2[C@H](NC(=O)Cc3ccccc3)C(=O)N2[C@H]1C(=O)O,Training,10.1021/acs.est.5b03078,train,9.192170475
355,penicillinV,9.378397901,7.4,25.0,CC1(C)S[C@@H]2[C@H](NC(=O)COc3ccccc3)C(=O)N2[C@H]1C(=O)[O-],Training,10.1016/j.chemosphere.2018.12.156,train,9.378397901
356,Perfluorheptanoic acid,5.428134794,,,N.O=C(O)C(F)(F)C(F)(F)C(F)(F)C(F)(F)C(F)(F)C(F)(F)F,Training,10.1016/j.chemosphere.2018.12.156,train,5.428134794
357,Perfluorobutyric acid,4.113943352,,,O=C(O)C(F)(F)C(F)(F)C(F)(F)F,Training,10.1016/j.chemosphere.2018.12.156,train,4.113943352
358,Perfluorohexanoic acid,7.846337112,,,O=C(O)C(F)(F)C(F)(F)C(F)(F)C(F)(F)C(F)(F)F,Training,10.1016/j.chemosphere.2018.12.156,train,7.846337112
359,Perfluorooctanoic acid,7.413299764,,,O=C(O)C(F)(F)C(F)(F)C(F)(F)C(F)(F)C(F)(F)C(F)(F)C(F)(F)F,Training,10.1016/j.chemosphere.2018.12.156,train,7.413299764
360,Perfluoropropionic acid,4.146128036,,,O=C(O)C(F)(F)C(F)(F)F,Training,10.1016/j.chemosphere.2018.12.156,train,4.146128036
361,Phenanthrene,9.505149978,,,c1ccc2c(c1)ccc1ccccc12,Training,10.1016/j.chemosphere.2018.12.156,train,9.505149978
362,Phenol,9.792391689,5.8,,Oc1ccccc1,Training,10.1021/ie9002848,train,9.792391689
363,"Phenylurea, model comp.",9.832508913,7.0,24.85,NC(=O)Nc1ccccc1,Training,10.1016/j.chemosphere.2018.12.156,train,9.832508913
364,Phenytoin,8.792391689,7.0,,O=C1NC(=O)C(c2ccccc2)(c2ccccc2)N1,Training,doi.org/10.1016/j.watres.2012.06.006,train,8.792391689
365,p-Hydroxybenzaldehyde,9.770852012,,,O=Cc1ccc(O)cc1,Training,10.1016/j.chemosphere.2018.12.156,train,9.770852012
366,p-Hydroxybenzoic acid,9.397940009,7.0,,O=C(O)c1ccc(O)cc1,Training,10.1021/acs.est.5b03078,train,9.397940009
367,p-hydroxybenzoic acid ,9.397940009,7.0,25.0,O=C(O)c1ccc(O)cc1,Training,10.1021/acs.est.5b03078,train,9.397940009
368,piperacillin,9.240549248,7.4,20.0,CCN1CCN(C(=O)N[C@@H](C(=O)N[C@@H]2C(=O)N3[C@@H](C(=O)O)C(C)(C)S[C@H]23)c2ccccc2)C(=O)C1=O,Training,10.1016/j.chemosphere.2018.12.156,train,9.240549248
369,piperacillin,9.079181246,7.4,20.0,CCN1CCN(C(=O)N[C@@H](C(=O)N[C@H]2C(=O)N3[C@H]2SC(C)(C)[C@H]3C(=O)[O-])c2ccccc2)C(=O)C1=O,Training,10.1021/acs.est.5b03078,train,9.079181246
370,Piperacillin,9.154367555,7.4,21.0,CCN1CCN(C(=O)N[C@@H](C(=O)N[C@@H]2C(=O)N3[C@@H](C(=O)O)C(C)(C)S[C@H]23)c2ccccc2)C(=O)C1=O,Training,10.1016/j.chemosphere.2018.12.156,train,9.154367555
371,p-Nitrobenzoic acid,6.0,7.0,,O=C(O)c1ccc([N+](=O)[O-])cc1,Training,10.1002/chin.197714152,train,6.0
372,p-nitrosodimethylaniline,9.361727836,9.0,25.0,CN(C)c1ccc(N=O)cc1,Training,10.1063/1.555808,train,9.361727836
373,progesterone,9.075546961,7.4,20.0,CC(=O)[C@H]1CC[C@H]2[C@@H]3CCC4=CC(=O)CC[C@]4(C)[C@H]3CC[C@]12C,Training,10.1021/acs.est.5b03078,train,9.075546961
374,propane,7.602059991,,22.85,CCC,Training,10.1002/kin.550250307,train,7.602059991
375,Propazine,9.342422681,7.5,,CC(C)Nc1nc(Cl)nc(NC(C)C)n1,Training,doi.org/10.1016/j.watres.2012.06.006,train,9.342422681
376,"Propazine
6-Chloro-2,4-isopropylamino -1,3,5-triazine",9.342422681,7.0,,CC(C)Nc1nc(Cl)nc(NC(C)C)n1,Training,doi.org/10.1016/j.watres.2012.06.006,train,9.342422681
377,Propionate ion,6.662757832,7.0,25.0,CCC(=O)[O-],Training,10.1063/1.555808,train,6.662757832
378,propionic acid,6.662757832,7.0,25.0,CCC(=O)O,Training,10.1016/j.watres.2017.03.015,train,6.662757832
379,p-Toluic acid,9.255272505,7.0,,Cc1ccc(C(=O)O)cc1,Training,10.1021/acs.est.5b03078,train,9.255272505
380,p-toluic acid ,9.255272505,7.0,25.0,Cc1ccc(C(=O)O)cc1,Training,10.1021/acs.est.5b03078,train,9.255272505
381,p-xylene,9.431363764,4.0,25.0,Cc1ccc(C)cc1,Training,10.1016/j.chemosphere.2018.12.156,train,9.431363764
382,p-Xylene,9.431363764,4.0,24.85,Cc1ccc(C)cc1,Training,10.1016/j.chemosphere.2018.12.156,train,9.431363764
383,pyridine,8.342422681,7.0,25.0,c1ccncc1,Training,10.1063/1.555808,train,8.342422681
384,Pyridinium ion,7.342422681,3.9,25.0,c1cc[nH+]cc1,Training,10.1063/1.555808,train,7.342422681
385,Ractopamine,9.225309282,7.0,,CC(CCc1ccc(O)cc1)NCC(O)c1ccc(O)cc1,Training,10.1016/j.chemosphere.2018.12.156,train,9.225309282
386,Ronidazole,9.392696953,7.0,,Cn1c([N+](=O)[O-])cnc1COC(N)=O,Training,10.1016/j.chemosphere.2018.12.156,train,9.392696953
387,Saccharin,7.301029996,7.4,21.0,O=C1NS(=O)(=O)c2ccccc21,Training,10.1016/j.chemosphere.2018.12.156,train,7.301029996
388,Salbutamol,9.252853031,7.0,,CC(C)(C)NCC(O)c1ccc(O)c(CO)c1,Training,10.1016/j.chemosphere.2018.12.156,train,9.252853031
389,Salicylic acid,9.204119983,7.0,,O=C(O)c1ccccc1O,Training,10.1016/j.chemosphere.2018.12.156,train,9.204119983
390,SDM (sulfadimethoxypyrimidine),10.61909333,8.0,,COc1cc(OC)nc(NS(=O)(=O)c2ccc(N)cc2)n1,Training,10.1016/j.chemosphere.2018.12.156,train,10.61909333
391,SDZ(Sulfadiazine),10.61909333,8.0,,Nc1ccc(S(=O)(=O)Nc2ncccn2)cc1,Training,10.1016/j.chemosphere.2018.12.156,train,10.61909333
392,serine,7.19157134,7.0,25.0,N[C@@H](CO)C(=O)O,Training,10.1021/acs.est.5b03078,train,7.19157134
393,SM1(sulfamerazine),10.69019608,8.0,,Cc1ccnc(NS(=O)(=O)c2ccc(N)cc2)n1,Training,10.1016/j.chemosphere.2018.12.156,train,10.69019608
394,SM2(sulfamethazine),10.61909333,8.0,,Cc1cc(C)nc(NS(=O)(=O)c2ccc(N)cc2)n1,Training,10.1016/j.chemosphere.2018.12.156,train,10.61909333
395,SMM(sulfamonomethoxine),10.61909333,8.0,,COc1cc(NS(=O)(=O)c2ccc(N)cc2)ncn1,Training,10.1016/j.chemosphere.2018.12.156,train,10.61909333
396,SMP(sulfamethoxypyridazine),10.61909333,8.0,,COc1ccc(NS(=O)(=O)c2ccc(N)cc2)nn1,Training,10.1016/j.chemosphere.2018.12.156,train,10.61909333
397,SMZ(Simazine),9.025305865,7.0,25.0,CCNc1nc(Cl)nc(NCC)n1,Training,10.1016/j.envint.2018.12.043,train,9.025305865
398,s-Triazine,7.908485019,7.0,,c1ncncn1,Training,10.1016/j.chemosphere.2018.12.156,train,7.908485019
399,s-triazine,7.908485019,7.8,,COC1=NCN(OC)C(OC)=N1,Training,10.1021/es503496u,train,7.908485019
400,STZ(sulfathiazole),10.67302091,8.0,,Nc1ccc(S(=O)(=O)Nc2nccs2)cc1,Training,10.1016/j.chemosphere.2018.12.156,train,10.67302091
401,succinic acid ,6.851258349,7.0,25.0,O=C(O)CCC(=O)O,Training,10.1021/acs.est.5b03078,train,6.851258349
402,Sucralose,8.230448921,7.4,21.0,OC[C@H]1O[C@H](O[C@]2(CCl)O[C@H](CCl)[C@@H](O)[C@@H]2O)[C@H](O)[C@@H](O)[C@H]1Cl,Training,10.1016/j.chemosphere.2018.12.156,train,8.230448921
403,Sulfacetamide,9.77815125,9.2,,CC(=O)NS(=O)(=O)c1ccc(N)cc1,Training,10.1016/j.chemosphere.2018.12.156,train,9.77815125
404,Sulfaclozine,9.875061263,7.0,20.0,Nc1ccc(S(=O)(=O)Nc2cncc(Cl)n2)cc1,Training,10.1016/j.chemosphere.2018.12.156,train,9.875061263
405,Sulfadiazine,10.61909333,7.0,,Nc1ccc(S(=O)(=O)Nc2ncccn2)cc1,Training,10.1016/j.chemosphere.2018.12.156,train,10.61909333
406,Sulfamerazine,10.69019608,7.0,,Cc1ccnc(NS(=O)(=O)c2ccc(N)cc2)n1,Training,10.1016/j.chemosphere.2018.12.156,train,10.69019608
407,Sulfamethazine,10.55388303,7.0,,Cc1cc(C)nc(NS(=O)(=O)c2ccc(N)cc2)n1,Training,10.1016/j.chemosphere.2018.12.156,train,10.55388303
408,sulfamethoxazole,10.09691001,8.4,20.0,Cc1cc(NS(=O)(=O)c2ccc(N)cc2)no1,Training,10.1016/j.chemosphere.2018.12.156,train,10.09691001
409,Sulfamethoxypyridazine,10.90955603,7.0,,COc1ccc(NS(=O)(=O)c2ccc(N)cc2)nn1,Training,10.1016/j.chemosphere.2018.12.156,train,10.90955603
410,Sulfamonomethoxine,10.12385164,7.0,,COc1cc(NS(=O)(=O)c2ccc(N)cc2)ncn1,Training,10.1016/j.chemosphere.2018.12.156,train,10.12385164
411,Sulfisoxazole,11.20682588,7.0,,Cc1noc(NS(=O)(=O)c2ccc(N)cc2)c1C,Training,doi.org/10.1016/j.watres.2012.06.006,train,11.20682588
412,"Sym-1,3,5-Triazine",7.908485019,5.0,,c1ncncn1,Training,10.1016/j.chemosphere.2018.12.156,train,7.908485019
413,Terbutaline,9.62324929,6.0,,CC(C)(C)NCC(O)c1cc(O)cc(O)c1,Training,10.1016/j.chemosphere.2018.12.156,train,9.62324929
414,Terbuthylazine,9.477121255,7.5,,CCNc1nc(Cl)nc(NC(C)(C)C)n1,Training,10.1016/j.chemosphere.2018.12.156,train,9.477121255
415,Terephthalate,8.230448921,7.0,,O=C([O-])c1ccc(C(=O)[O-])cc1,Training,10.1063/1.555808,train,8.230448921
416,Terephthalate ion,8.230448921,9.0,25.0,O=C([O-])c1ccc(C(=O)[O-])cc1,Training,10.1063/1.555808,train,8.230448921
417,Terephthalic acid,8.230448921,7.0,25.0,O=C(O)c1ccc(C(=O)O)cc1,Training,10.1002/chin.197714152,train,8.230448921
418,tert-butanol,5.924279286,4.0,25.0,CC(C)(C)O,Training,10.1016/j.watres.2017.03.015,train,5.924279286
419,tert-butanol,5.924279286,7.0,23.0,CC(C)(C)O,Training,10.1016/j.watres.2017.03.015,train,5.924279286
420,tetrahydrofuran,8.357934847,7.0,25.0,C1CCOC1,Training,10.1002/kin.550250307,train,8.357934847
421,tetrahydrofuran,8.385606274,7.0,24.4,C1CCOC1,Training,10.1002/kin.550250307,train,8.385606274
422,Tetrahydrofuran,7.0,7.5,25.0,C1CCOC1,Training,10.1002/kin.550250307,train,7.0
423,tetrahydrofuran,8.380211242,7.0,23.0,C1CCOC1,Training,10.1002/kin.550250307,train,8.380211242
424,tetrahydrofuran,8.0,7.5,20.0,C1CCOC1,Training,10.1002/kin.550250307,train,8.0
425,tetrahydrofuran (THF),8.357934847,,25.0,CCOCC,Training,10.1021/acs.est.5b03078,train,8.357934847
426,tetrahydropyran,8.056904851,7.0,24.4,C1CCOCC1,Training,10.1021/acs.est.5b03078,train,8.056904851
427,Thiacloprid,9.25925697,3.0,20.0,N#CN=C1SCCN1Cc1ccc(Cl)nc1,Training,10.1016/j.chemosphere.2018.12.156,train,9.25925697
428,Thyroxine,9.57634135,7.4,21.0,N[C@@H](Cc1cc(I)c(Oc2cc(I)c(O)c(I)c2)c(I)c1)C(=O)O,Training,10.1016/j.chemosphere.2018.12.156,train,9.57634135
429,ticarcillin,8.903089987,7.4,20.0,CC1(C)S[C@@H]2[C@H](NC(=O)[C@H](C(=O)O)c3ccsc3)C(=O)N2[C@H]1C(=O)O,Training,10.1021/acs.est.5b03078,train,8.903089987
430,ticarcillin,8.903089987,7.4,20.0,CC1(C)S[C@@H]2[C@H](NC(=O)[C@H](C(=O)[O-])c3ccsc3)C(=O)N2[C@H]1C(=O)[O-],Training,10.1016/j.chemosphere.2018.12.156,train,8.903089987
431,Ticarcillin,8.903089987,7.4,21.0,CC1(C)S[C@@H]2[C@H](NC(=O)[C@H](C(=O)[O-])c3ccsc3)C(=O)N2[C@H]1C(=O)[O-],Training,10.1016/j.chemosphere.2018.12.156,train,8.903089987
432,Tinidazole,9.465382851,7.0,,CCS(=O)(=O)CCn1c([N+](=O)[O-])cnc1C,Training,10.1016/j.chemosphere.2018.12.156,train,9.465382851
433,toluene,9.113943352,4.0,25.0,Cc1ccccc1,Training,10.1016/j.chemosphere.2018.12.156,train,9.113943352
434,Toluene,9.491361694,5.5,,Cc1ccccc1,Training,10.1016/j.chemosphere.2018.12.156,train,9.491361694
435,Trichloroacetonitrile,7.385606274,6.0,,N#CC(Cl)(Cl)Cl,Training,10.1016/j.chemosphere.2018.12.156,train,7.385606274
436,Trifluoroacetic acid,4.204119983,,,O=C(O)C(F)(F)F,Training,10.1016/j.chemosphere.2018.12.156,train,4.204119983
437,"Trimesate ion ((1,3,5-Benzenetricarboxylate
ion))",7.919078092,9.0,25.0,O=C([O-])c1cc(C(=O)[O-])cc(C(=O)[O-])c1,Training,10.1063/1.555808,train,7.919078092
438,Trimethoprim,9.887054378,6.0,,COc1cc(Cc2cnc(N)nc2N)cc(OC)c1OC,Training,10.1016/j.chemosphere.2018.12.156,train,9.887054378
439,Trimethylanilinium ion,8.176091259,7.0,,C[N+](C)(C)c1ccccc1,Training,10.1002/chin.197714152,train,8.176091259
440,Trimethylanilinium ion,8.176091259,7.0,25.0,C[N+](C)(C)c1ccccc1,Training,10.1002/chin.197714152,train,8.176091259
441,Triton??? X-45,8.838849091,6.5,25.0,CC(C)(C)CC(C)(C)c1ccc(OCCO)cc1,Training,doi.org/10.1016/j.watres.2012.06.006,train,8.838849091
442,tryptophan,9.293413925,7.0,25.0,N[C@@H](Cc1c[nH]c2ccccc12)C(=O)O,Training,10.1021/acs.est.5b03078,train,9.293413925
443,tyrosine,9.505149978,7.0,25.0,N[C@@H](Cc1ccc(O)cc1)C(=O)O,Training,10.1021/acs.est.5b03078,train,9.505149978
444,Verbenone,9.204119983,4.0,19.0,CC1=CC(=O)C2CC1C2(C)C,Training,10.1016/j.chemosphere.2018.12.156,train,9.204119983
445,"1 ,4-Dimethoxy-benzene",9.857332496,,25.0,COc1ccc(OC)cc1,Test,doi.org/10.1016/j.watres.2012.06.006,test,9.857332496
446,"1,2-Dimethoxy-benzene",9.698970004,,25.0,COc1ccccc1OC,Test,10.1063/1.555808,test,9.698970004
447,"1,3-Dimethoxybenzene",9.84509804,7.0,,COc1cccc(OC)c1,Test,10.1016/j.chemosphere.2018.12.156,test,9.84509804
448,"1,3-dioxane (m-C4H802)",7.374748346,7.5,9.1,C1COCOC1,Test,doi.org/10.1016/j.watres.2012.06.006,test,7.374748346
449,"1,4-dioxane",7.612783857,7.0,23.0,C1COCCO1,Test,10.1002/kin.550250307,test,7.612783857
450,"1,4-dioxane (p-C4H802)",7.496929648,7.5,9.4,C1COCCO1,Test,10.1002/kin.550250307,test,7.496929648
451,1-ethylguanidine,8.041392685,7.0,25.0,CCNC(=N)N,Test,10.1016/j.watres.2017.03.015,test,8.041392685
452,1-heptanol ,8.397940009,7.0,23.0,CCCCCCCO,Test,10.1021/acs.est.5b03078,test,8.397940009
453,1-hexanol,8.204119983,7.0,23.0,CCCCCCO,Test,10.1002/kin.550250307,test,8.204119983
454,"2,3.4-Trimethoxy-benzoate ion",9.397940009,7.0,25.0,COc1ccc(OC)c(OC)c1,Test,10.1063/1.555808,test,9.397940009
455,"2,3-Dimethoxy-benzoate ion",9.929418926,7.0,25.0,COc1cccc(C(=O)[O-])c1OC,Test,10.1063/1.555808,test,9.929418926
456,"2,4,6-trimethoxy-benzoate ",9.414973348,7.0,20.0,COc1cc(OC)c(C(=O)[O-])c(OC)c1,Test,10.1021/acs.est.5b03078,test,9.414973348
457,"2,4-dimethoxybenzoate",9.579783597,7.0,,COc1ccc(C(=O)[O-])c(OC)c1,Test,10.1016/j.chemosphere.2018.12.156,test,9.579783597
458,"2,4-Dinitrophenol",8.271841607,7.0,20.0,O=[N+]([O-])c1ccc(O)c([N+](=O)[O-])c1,Test,10.1016/j.chemosphere.2018.12.156,test,8.271841607
459,"2,6-Dimethoxy-benzoate ion",9.397940009,7.0,25.0,COc1cccc(OC)c1C(=O)[O-],Test,10.1063/1.555808,test,9.397940009
460,2-Hydroxybenzothiazole,9.672097858,7.0,20.0,Oc1nc2ccccc2s1,Test,10.1016/j.chemosphere.2018.12.156,test,9.672097858
461,2-Methyl-2-propanol,5.924279286,,22.0,CCCO,Test,10.1063/1.555808,test,5.924279286
462,2-Methylisoborneol,8.62324929,7.0,20.0,CC1(O)CC2CCC1(C)C2(C)C,Test,10.1016/j.chemosphere.2018.12.156,test,8.62324929
463,2-methyl-propane,8.021189299,7.0,25.0,CC(C)C,Test,10.1016/j.watres.2017.03.015,test,8.021189299
464,2-propanol,7.903089987,7.0,25.0,CC(C)O,Test,10.1021/acs.est.5b03078,test,7.903089987
465,2-propanol ,7.959041392,1.0,25.0,CC(C)O,Test,10.1021/acs.est.5b03078,test,7.959041392
466,2-Toluate,9.146128036,7.0,,Cc1ccccc1C(=O)[O-],Test,10.1016/j.chemosphere.2018.12.156,test,9.146128036
467,"3,4,6-trimethoxy-s-triazine",7.707570176,7.8,,COC1=NC(OC)N(OC)C=N1,Test,10.1021/es503496u,test,7.707570176
468,"3,4-Dichloroaniline, model comp",9.672097858,7.0,24.85,Nc1ccc(Cl)c(Cl)c1,Test,doi.org/10.1016/j.watres.2012.06.006,test,9.672097858
469,"3,4-dimethoxy-benzoate",9.653212514,7.0,20.0,COc1ccc(C(=O)[O-])cc1OC,Test,10.1016/j.watres.2017.03.015,test,9.653212514
470,3-Toluate,9.301029996,7.0,,Cc1cccc(C(=O)[O-])c1,Test,10.1016/j.chemosphere.2018.12.156,test,9.301029996
471,4-Cyanobenzoate,7.51851394,7.0,,N#Cc1ccc(C(=O)[O-])cc1,Test,10.1016/j.chemosphere.2018.12.156,test,7.51851394
472,4-Methoxybenzoate,9.880813592,7.0,,COc1ccc(C(=O)[O-])cc1,Test,10.1016/j.chemosphere.2018.12.156,test,9.880813592
473,Acetic acid,4.944482672,,25.0,CC(=O)O,Test,10.1063/1.555808,test,4.944482672
474,Acetophenone,8.491361694,7.0,,CC(=O)c1ccccc1,Test,10.1002/chin.197714152,test,8.491361694
475,Acrylamide,8.204119983,7.3,25.0,C=CC(N)=O,Test,10.1063/1.555808,test,8.204119983
476,Acrylonitrile,8.230448921,7.0,25.0,C=CC#N,Test,10.1063/1.555808,test,8.230448921
477,Allyl cyanide,9.041392685,7.0,25.0,C=CCC#N,Test,10.1063/1.555808,test,9.041392685
478,Ampicillin,9.271841607,7.4,21.0,CC1(C)S[C@@H]2[C@H](NC(=O)[C@H](N)c3ccccc3)C(=O)N2[C@H]1C(=O)O,Test,10.1016/j.chemosphere.2018.12.156,test,9.271841607
479,Anisole,9.69019608,,25.0,COc1ccccc1,Test,10.1002/chin.197714152,test,9.69019608
480,APA((+)-6-aminopenicillanic acid),9.431970111,7.4,21.0,CC1(C)S[C@@H]2[C@H](N)C(=O)N2[C@H]1C(=O)O,Test,doi.org/10.1016/j.watres.2012.06.006,test,9.431970111
481,Benzamide,8.278753601,7.0,,NC(=O)c1ccccc1,Test,10.1002/chin.197714152,test,8.278753601
482,Benzene,9.190105621,7.0,,c1ccccc1,Test,10.1002/chin.197714152,test,9.190105621
483,Benzoic acid,9.079181246,7.0,,O=C(O)c1ccccc1,Test,10.1002/chin.197714152,test,9.079181246
484,Bromobenzene,9.255272505,7.0,,Brc1ccccc1,Test,10.1016/j.chemosphere.2018.12.156,test,9.255272505
485,Caffeic acid,10.09342169,,,O=C(O)/C=C/c1ccc(O)c(O)c1,Test,10.1016/j.chemosphere.2018.12.156,test,10.09342169
486,carboxyformate,6.230448921,2.8,25.0,O=C([O-])C(=O)O,Test,10.1021/acs.est.5b03078,test,6.230448921
487,CBZ(Carbamazepine),9.260071388,7.0,25.0,NC(=O)N1c2ccccc2C=Cc2ccccc21,Test,10.1016/j.envint.2018.12.043,test,9.260071388
488,Cephalexin,9.387389826,7.4,21.0,CC1=C(C(=O)O)N2C(=O)[C@@H](NC(=O)[C@H](N)c3ccccc3)[C@H]2SC1,Test,10.1016/j.chemosphere.2010.07.015,test,9.387389826
489,cephalothin,9.541579244,7.4,25.0,CC(=O)OCC1=C(C(=O)[O-])N2C(=O)[C@@H](NC(=O)Cc3cccs3)[C@H]2SC1,Test,10.1021/acs.est.5b03078,test,9.541579244
490,Chloramphenicol,10.12385164,7.0,,O=C(NC(CO)C(O)c1ccc([N+](=O)[O-])cc1)C(Cl)Cl,Test,10.1016/j.chemosphere.2018.12.156,test,10.12385164
491,Chlorobenzene,9.176091259,5.5,,Clc1ccccc1,Test,10.1016/j.chemosphere.2018.12.156,test,9.176091259
492,Ciprofloxacin,8.924279286,7.0,25.0,O=C(O)c1cn(C2CC2)c2cc(N3CCNCC3)c(F)cc2c1=O,Test,10.1016/j.chemosphere.2018.12.156,test,8.924279286
493,cis-Verbenol,9.505149978,4.0,19.0,CC1=C[C@@H](O)[C@@H]2C[C@H]1C2(C)C,Test,10.1016/j.chemosphere.2018.12.156,test,9.505149978
494,Clofibric acid,9.238046103,7.0,21.0,CC(C)(Oc1ccc(Cl)cc1)C(=O)O,Test,10.1016/j.chemosphere.2018.12.156,test,9.238046103
495,CYB(Cybutryne),9.86923172,7.0,25.0,CSc1nc(NC2CC2)nc(NC(C)(C)C)n1,Test,10.1016/j.envint.2018.12.043,test,9.86923172
496,Cyclohexanoic acid,7.72427587,8.0,,O=C(O)C1CCCCC1,Test,10.1016/j.chemosphere.2018.12.156,test,7.72427587
497,Cyclohexene,8.612783857,7.0,25.0,C1=CCCCC1,Test,10.1063/1.555808,test,8.612783857
498,DDBAC(dodecyl dimethyl benzyl ammonium chloride),9.178976947,7.0,,CCCCCCCCCCCC[N+](C)(C)Cc1ccccc1.[Cl-],Test,doi.org/10.1016/j.watres.2012.06.006,test,9.178976947
499,"Desethyl-atrazine (DEA)
6-Chloro-2-amino-4-isopropylamino-1,3,5-
triazine",8.982271233,7.0,,CC(C)Nc1nc(N)nc(Cl)n1,Test,doi.org/10.1016/j.watres.2012.06.006,test,8.982271233
500,"desisopropyl-atrazine (DIA) (6-chloro-2-ethylamino-4-amino-1,3,5-triazine)",9.301029996,7.8,,CCNc1nc(N)nc(Cl)n1,Test,doi.org/10.1016/j.watres.2012.06.006,test,9.301029996
501,"Desisopropyl-atrazine (DIA) 6-Chloro-2-ethylamino-4-amino-1,3,5-triazine",9.301029996,7.0,,CCNc1nc(N)nc(Cl)n1,Test,doi.org/10.1016/j.watres.2012.06.006,test,9.301029996
502,diethyl disulfide,8.414973348,4.5,25.0,CCSSCC,Test,10.1016/j.watres.2017.03.015,test,8.414973348
503,diethyl ether ,8.245512668,7.0,25.0,CCOCC,Test,10.1021/acs.est.5b03078,test,8.245512668
504,dimethyl malonate,6.463376953,,25.0,COC(=O)CC(=O)OC,Test,10.1002/kin.1049,test,6.463376953
505,dipropyl ether,8.342422681,,22.85,CCCOCCC,Test,10.1002/kin.550250307,test,8.342422681
506,Diuron,9.716003344,7.0,,CN(C)C(=O)Nc1ccc(Cl)c(Cl)c1,Test,10.1016/j.chemosphere.2018.12.156,test,9.716003344
507,estradiol,9.08278537,7.4,20.0,C[C@]12CC[C@@H]3c4ccc(O)cc4CC[C@H]3[C@@H]1CC[C@@H]2O,Test,10.1021/acs.est.5b03078,test,9.08278537
508,ethanol,7.633468456,7.0,22.0,CCO,Test,10.1002/kin.550250307,test,7.633468456
509,ethanol,7.792391689,1.0,25.0,CCO,Test,10.1002/kin.550250307,test,7.792391689
510,Fluoxetine,9.041392685,7.1,,CNCCC(Oc1ccc(C(F)(F)F)cc1)c1ccccc1,Test,10.1016/j.chemosphere.2018.12.156,test,9.041392685
511,Formaldehyde,7.427946747,,22.0,C=O,Test,10.1002/kin.550210807,test,7.427946747
512,Formic acid,6.130333768,,25.0,O=CO,Test,10.1063/1.555808,test,6.130333768
513,glycolic acid ,6.62324929,1.5,25.0,O=C(O)CO,Test,10.1021/acs.est.5b03078,test,6.62324929
514,Homophthalate ion,9.041392685,7.0,25.0,O=C([O-])Cc1ccccc1C(=O)[O-],Test,10.1063/1.555808,test,9.041392685
515,ibuprofen,9.579783597,7.0,25.0,CC(C)Cc1ccc(C(C)C(=O)O)cc1,Test,10.1002/kin.550210807,test,9.579783597
516,IPT(Isoproturon),9.831869774,7.0,25.0,CC(C)c1ccc(NC(=O)N(C)C)cc1,Test,10.1021/acs.est.5b03078,test,9.831869774
517,l-Octanol,7.505149978,,,CCCCCCCCO,Test,10.1016/j.envint.2018.12.043,test,7.505149978
518,malate,7.176091259,9.0,25.0,O=C([O-])CC(O)C(=O)[O-],Test,10.1021/acs.est.5b03078,test,7.176091259
519,malic acid ,6.886490725,1.0,25.0,O=C(O)CC(O)C(=O)O,Test,10.1021/acs.est.5b03078,test,6.886490725
520,malonate,6.740362689,7.0,25.0,O=C([O-])CC(=O)[O-],Test,10.1016/j.watres.2017.03.015,test,6.740362689
521,Mesitylene,9.113943352,4.0,24.85,Cc1cc(C)cc(C)c1,Test,10.1016/j.chemosphere.2018.12.156,test,9.113943352
522,Methacrylic acid,9.041392685,2.9,25.0,C=C(C)C(=O)O,Test,10.1063/1.555808,test,9.041392685
523,Methanol,7.041392685,,,O=C(O)c1cc(O)c(O)c(O)c1,Test,10.1063/1.555808,test,7.041392685
524,methanol,7.397940009,4.8,25.0,CO,Test,10.1016/j.watres.2017.03.015,test,7.397940009
525,methanol,7.228730073,7.0,25.0,CO,Test,10.1016/j.watres.2017.03.015,test,7.228730073
526,methionine,9.041392685,7.0,25.0,CSCC[C@H](N)C(=O)O,Test,10.1021/acs.est.5b03078,test,9.041392685
527,Metronidazole,9.437750563,7.0,,Cc1ncc([N+](=O)[O-])n1CCO,Test,10.1016/j.chemosphere.2018.12.156,test,9.437750563
528,MTBE (Methyl tert-butyl ether),7.495544338,,25.0,COC(C)(C)C,Test,doi.org/10.1016/j.watres.2012.06.006,test,7.495544338
529,oxepane,8.342422681,7.0,24.8,C1CCCOCC1,Test,10.1021/acs.est.5b03078,test,8.342422681
530,oxetane (C3H60),7.858537198,7.5,9.5,C1CCOC1.C1CCOC1,Test,10.1021/j100176a055,test,7.858537198
531,p-Bromobenzoic acid,9.0,7.0,25.0,O=C(O)c1ccc(Br)cc1,Test,10.1002/chin.197714152,test,9.0
532,p-dioxane,7.612783857,,22.85,C1COCCO1,Test,10.1002/kin.550250307,test,7.612783857
533,Penicillin V,9.380963919,7.4,21.0,CC1(C)S[C@@H]2[C@H](NC(=O)COc3ccccc3)C(=O)N2[C@H]1C(=O)[O-],Test,10.1016/j.chemosphere.2018.12.156,test,9.380963919
534,Perfluoropentanoic acid,6.100370545,,,O=C(O)C(F)(F)C(F)(F)C(F)(F)C(F)(F)F,Test,10.1016/j.chemosphere.2018.12.156,test,6.100370545
535,phenol,9.944482672,3.0,25.0,Oc1ccccc1,Test,10.1021/ie9002848,test,9.944482672
536,p-Hydroxybenzoate ion,9.397940009,7.0,25.0,O=C([O-])c1ccc(O)cc1,Test,10.1063/1.555808,test,9.397940009
537,p-Methoxybenzoic acid,9.544068044,7.0,25.0,COc1ccc(C(=O)O)cc1,Test,10.1002/chin.197714152,test,9.544068044
538,"p-Nitroso-N,N-dimethylaniline",9.361727836,7.0,25.0,CN(C)c1ccc(N=O)cc1,Test,10.1063/1.555808,test,9.361727836
539,Primidone,8.72427587,7.0,,CCC1(c2ccccc2)C(=O)NCNC1=O,Test,doi.org/10.1016/j.watres.2012.06.006,test,8.72427587
540,"propazine (6-chloro-2,4-isopropylamino-1,3,5-triazine)",9.505149978,7.8,,c1cnnnc1,Test,10.1021/es503496u,test,9.505149978
541,Propranolol,9.680335513,7.0,,CC(C)NCC(O)COc1cccc2ccccc12,Test,10.1016/j.chemosphere.2018.12.156,test,9.680335513
542,p-Toluate ion,9.903469829,7.0,25.0,Cc1ccc(C(=O)[O-])cc1,Test,10.1063/1.555808,test,9.903469829
543,"Pyromellitate ion ((1,2,4,5-Benzenetetracarboxylate
ion))",7.230448921,9.0,25.0,O=C([O-])c1cc(C(=O)[O-])c(C(=O)[O-])cc1C(=O)[O-],Test,10.1063/1.555808,test,7.230448921
544,Rhodamine B,6.923761961,,25.0,CCN(CC)c1ccc2c(-c3ccccc3C(=O)O)c3ccc(N(CC)CC)cc3[o+]c2c1,Test,10.1016/j.chemosphere.2018.12.156,test,6.923761961
545,SIZ(sulfisoxazole),11.20411998,8.0,,Cc1noc(NS(=O)(=O)c2ccc(N)cc2)c1C,Test,doi.org/10.1016/j.watres.2012.06.006,test,11.20411998
546,Sotalol,10.47712125,7.0,,CC(C)NCC(O)c1ccc(NS(C)(=O)=O)cc1,Test,10.1016/j.chemosphere.2018.12.156,test,10.47712125
547,Sulfadimethoxypyrimide,9.886490725,7.0,,COc1cc(OC)nc(NS(=O)(=O)c2ccc(N)cc2)n1,Test,10.1016/j.chemosphere.2018.12.156,test,9.886490725
548,Sulfamethoxazole,9.921342203,7.0,,Cc1cc(NS(=O)(=O)c2ccc(N)cc2)no1,Test,10.1016/j.chemosphere.2018.12.156,test,9.921342203
549,Sulfasalazine,9.123851641,7.1,,O=C(O)C1=C/C(=N\Nc2ccc(S(=O)(=O)Nc3ccccn3)cc2)C=CC1=O,Test,10.1016/j.chemosphere.2018.12.156,test,9.123851641
550,Sulfathiazole,10.67302091,7.0,,Nc1ccc(S(=O)(=O)Nc2nccs2)cc1,Test,10.1016/j.chemosphere.2018.12.156,test,10.67302091
551,tert-butanol,6.371873223,7.0,25.0,CC(C)(C)O,Test,10.1016/j.watres.2017.03.015,test,6.371873223
552,tert-butanol,5.602059991,7.5,20.0,CC(C)(C)O,Test,10.1016/j.watres.2017.03.015,test,5.602059991
553,tert-butanol,5.959041392,,31.85,CO,Test,10.1016/j.watres.2017.03.015,test,5.959041392
554,tetrahydrofuran,8.380211242,,22.85,C1CCOC1,Test,10.1002/kin.550250307,test,8.380211242
555,Ticarcillin,9.222716471,7.4,21.0,CC1(C)S[C@@H]2[C@H](NC(=O)[C@H](C(=O)[O-])c3ccsc3)C(=O)N2[C@H]1C(=O)[O-],Test,10.1016/j.chemosphere.2018.12.156,test,9.222716471
556,Venlafaxine,9.547774705,7.0,,COc1ccc(C(CN(C)C)C2(O)CCCCC2)cc1,Test,10.1016/j.chemosphere.2018.12.156,test,9.547774705
