Unnamed: 0,chemical compound,logk,pH,SMILES,data,Ref,set,label
0,"1,10-Phenanthroline monohydrate",-0.9395,,O.c1cnc2c(c1)ccc1cccnc12,Training,10.1016/j.chemosphere.2014.05.068,train,-0.9395
1,"1,1-dichloroethene",2.041392685,2.0,C=C(Cl)Cl,Training,10.1016/0043-1354(83)90098-2,train,2.041392685
2,"1,1-dichloroethene",2.041392685,,C=C(Cl)Cl,Training,10.1016/0043-1354(83)90098-2,train,2.041392685
3,"1,1-dichloropropene",3.27073931,,CC=C(Cl)Cl,Training,doi.org/10.1016/j.watres.2012.06.006,train,3.27073931
4,"1,2,3-trimethylbenzene",2.602059991,,Cc1cccc(C)c1C,Training,10.1016/0043-1354(83)90098-2,train,2.602059991
5,"1,2,3-trimethylbenzene",2.602059991,1.7,Cc1cccc(C)c1C,Training,10.1016/0043-1354(83)90098-2,train,2.602059991
6,"1,2-dibromoethene",3.176091259,,BrC=CBr,Training,doi.org/10.1016/j.watres.2012.06.006,train,3.176091259
7,"1,3,5-trimethoxy benzene",5.973127854,,COc1cc(OC)cc(OC)c1,Training,doi.org/10.1016/j.watres.2012.06.006,train,5.973127854
8,"1,3,5-trimethylbenzene",2.84509804,,Cc1cc(C)cc(C)c1,Training,10.1016/0043-1354(83)90098-2,train,2.84509804
9,"1,3,5-trimethylbenzene",2.84509804,1.7,Cc1cc(C)cc(C)c1,Training,10.1016/0043-1354(83)90098-2,train,2.84509804
10,"1,3-Dichlorobutene-2",-2.280668713,,CC(Cl)C=CCl,Training,10.1007/s10975-005-0142-4,train,-2.280668713
11,"1,4-benzoquinone",3.397940009,,O=C1C=CC(=O)C=C1,Training,doi.org/10.1016/j.watres.2012.06.006,train,3.397940009
12,17a-ethinylestradiol,6.883533917,8.0,C#C[C@]1(O)CC[C@H]2[C@@H]3CCc4cc(O)ccc4[C@H]3CC[C@@]21C,Training,doi.org/10.1016/j.watres.2012.06.006,train,6.883533917
13,17a-ethinylestradiol,6.883533917,,C#C[C@]1(O)CC[C@H]2[C@@H]3CCc4cc(O)ccc4[C@H]3CC[C@@]21C,Training,doi.org/10.1016/j.watres.2012.06.006,train,6.883533917
14,17a-ethinylestradiol-dissociated,9.562292864,,C#C[C@]1(O)CC[C@H]2[C@@H]3CCc4cc([O-])ccc4[C@H]3CC[C@@]21C,Training,doi.org/10.1016/j.watres.2012.06.006,train,9.562292864
15,17b-estradiol-dissociated,9.577368666,,C[C@]12CC[C@@H]3c4ccc([O-])cc4CC[C@H]3[C@@H]1CC[C@@H]2O,Training,doi.org/10.1016/j.watres.2012.06.006,train,9.577368666
16,17b-estradiol-non-dissociated,6.447802102,,C[C@]12CC[C@@H]3c4ccc(O)cc4CC[C@H]3[C@@H]1CC[C@@H]2O,Training,doi.org/10.1016/j.watres.2012.06.006,train,6.447802102
17,17b-estradiol-non-dissociated,6.447802102,8.0,C[C@]12CC[C@@H]3c4ccc(O)cc4CC[C@H]3[C@@H]1CC[C@@H]2O,Training,doi.org/10.1016/j.watres.2012.06.006,train,6.447802102
18,1H-benzotriazole,3.288249226,9.0,c1ccc2[nH]nnc2c1,Training,10.1016/j.watres.2011.01.022,train,3.288249226
19,1H-benzotriazole,1.5132176,6.0,c1ccc2[nH]nnc2c1,Training,10.1016/j.watres.2011.01.022,train,1.5132176
20,1H-benzotriazole,1.555470169,7.0,c1ccc2[nH]nnc2c1,Training,10.1016/j.watres.2011.01.022,train,1.555470169
21,1H-benzotriazole,1.309630167,4.0,c1ccc2[nH]nnc2c1,Training,10.1016/j.watres.2011.01.022,train,1.309630167
22,1H-benzotriazole,3.331022171,10.0,c1ccc2[nH]nnc2c1,Training,10.1016/j.watres.2011.01.022,train,3.331022171
23,1H-benzotriazole,1.555470169,5.0,c1ccc2[nH]nnc2c1,Training,10.1016/j.watres.2011.01.022,train,1.555470169
24,1H-benzotriazole,2.599883072,8.0,c1ccc2[nH]nnc2c1,Training,10.1016/j.watres.2011.01.022,train,2.599883072
25,1H-benzotriazole,1.84,,c1ccc2[nH]nnc2c1,Training,10.1016/j.watres.2011.01.022,train,1.84
26,1-Hexen-4-ol,5.26,7.0,C=CCC(O)CC,Training,10.1016/j.scitotenv.2020.136816,train,5.26
27,1-Hexen-4-ol,2.301029996,,C=CCC(O)CC,Training,10.1016/j.scitotenv.2020.136816,train,2.301029996
28,1-methylpyrrolidine,6.301029996,,CN1CCCC1,Training,doi.org/10.1016/j.watres.2012.06.006,train,6.301029996
29,1-naphthol,6.816734228,,Oc1cccc2ccccc12,Training,10.1080/01919512.1995.10555774,train,6.816734228
30,1-phenoxy-2-propanol,2.505149978,,CC(O)COc1ccccc1,Training,doi.org/10.1016/j.watres.2012.06.006,train,2.505149978
31,1-phenoxy-2-propanol,2.51,7.0,CC(O)COc1ccccc1,Training,doi.org/10.1016/j.watres.2012.06.006,train,2.51
32,1-propanol,-0.193820026,7.0,CCCO,Training,10.1016/0043-1354(83)90098-2,train,-0.193820026
33,1-propanol,-0.431798276,2.0,CCCO,Training,10.1016/0043-1354(83)90098-2,train,-0.431798276
34,"2,3,4,6-tetrachlorophenol",4.177132317,2.0,Oc1c(Cl)cc(Cl)c(Cl)c1Cl,Training,10.1016/S0304-3894(00)00269-7,train,4.177132317
35,"2,3,4,6-tetrachlorophenol",4.908308048,3.0,Oc1c(Cl)cc(Cl)c(Cl)c1Cl,Training,10.1016/S0304-3894(00)00269-7,train,4.908308048
36,"2,3-dimethyl phenol",4.320146286,,Cc1cccc(O)c1C,Training,doi.org/10.1016/j.watres.2012.06.006,train,4.320146286
37,"2,4,6-trichlorophenol",4.498310554,7.0,Oc1c(Cl)cc(Cl)cc1Cl,Training,10.1021/acs.iecr.9b00337,train,4.498310554
38,"2,4,6-trichlorophenol",3.977174676,2.0,Oc1c(Cl)cc(Cl)cc1Cl,Training,10.1021/acs.iecr.9b00337,train,3.977174676
39,"2,4,6-trichlorophenol",4.676483269,3.0,Oc1c(Cl)cc(Cl)cc1Cl,Training,10.1021/acs.iecr.9b00337,train,4.676483269
40,"2,4,6-trichlorophenol",4.31567652,2.5,Oc1c(Cl)cc(Cl)cc1Cl,Training,10.1021/acs.iecr.9b00337,train,4.31567652
41,"2,4,6-Triiodophenolate",6.832508913,,[O-]c1c(I)cc(I)cc1I,Training,10.1039/b301824p,train,6.832508913
42,"2,4-dichlorophenol",3.275541688,2.0,Oc1ccc(Cl)cc1Cl,Training,10.1016/j.chemosphere.2014.05.068,train,3.275541688
43,"2,4-dichlorophenol",3.7084209,2.5,Oc1ccc(Cl)cc1Cl,Training,10.1016/j.chemosphere.2014.05.068,train,3.7084209
44,"2,4-dichlorophenol",4.62493361,7.0,Oc1ccc(Cl)cc1Cl,Training,10.1016/j.chemosphere.2014.05.068,train,4.62493361
45,"2,4-dichlorophenol",3.962227231,3.0,Oc1ccc(Cl)cc1Cl,Training,10.1016/j.chemosphere.2014.05.068,train,3.962227231
46,"2,4-dichlorophenoxyacetic acid",1.340444115,,O=C(O)COc1ccc(Cl)cc1Cl,Training,10.1080/01919519208552274,train,1.340444115
47,"2,4-dichlorophenoxyacetic acid",3.0,7.0,O=C(O)COc1ccc(Cl)cc1Cl,Training,10.1080/01919519208552274,train,3.0
48,"2,5-dichlorophenols",4.835690571,2.1,Oc1cc(Cl)ccc1Cl,Training,10.1021/acs.iecr.9b00337,train,4.835690571
49,"2,5-dichlorophenols",6.889301703,5.0,Oc1cc(Cl)ccc1Cl,Training,10.1021/acs.iecr.9b00337,train,6.889301703
50,"2,5-dimethyl phenol",7.340444115,7.0,Cc1ccc(C)c(O)c1,Training,10.1021/acs.iecr.9b00337,train,7.340444115
51,"2,6-dimethyl phenol",4.217483944,,Cc1cccc(C)c1O,Training,doi.org/10.1016/j.watres.2012.06.006,train,4.217483944
52,"2,6-Dinitrotoluene",-0.955779273,,Cc1c([N+](=O)[O-])cccc1[N+](=O)[O-],Training,10.1016/j.cej.2014.05.073,train,-0.955779273
53,"2-amino-4,6-dinitrotoluene",5.161368002,,Cc1c(N)cc([N+](=O)[O-])cc1[N+](=O)[O-],Training,10.1021/es990189i,train,5.161368002
54,2-Butanone,-1.15490196,2.0,CCC(C)=O,Training,10.1016/0043-1354(83)90098-2,train,-1.15490196
55,2-carboxylato phenol,4.477121255,6.0,O=C([O-])c1ccccc1O,Training,10.1016/0043-1354(83)90098-2,train,4.477121255
56,2-carboxylato phenol,4.477121255,,O=C([O-])c1ccccc1O,Training,10.1016/0043-1354(83)90098-2,train,4.477121255
57,2-chloro phenol,6.558708571,7.0,Oc1ccccc1Cl,Training,10.1016/0043-1354(83)90099-4,train,6.558708571
58,2-chloro phenol,3.041392685,8.3,Oc1ccccc1Cl,Training,10.1016/0043-1354(83)90099-4,train,3.041392685
59,2-chloro phenol,2.411701342,,Oc1ccccc1Cl,Training,10.1016/0043-1354(83)90099-4,train,2.411701342
60,2-chloro phenolate,8.301029996,,[O-]c1ccccc1Cl,Training,doi.org/10.1016/j.watres.2012.06.006,train,8.301029996
61,"2-chloro-4,6-diethylamino-1,3,5-triazine, 1",0.94,7.0,CCNc1nc(Cl)nc(NCC)n1,Training,10.1016/j.scitotenv.2020.136816,train,0.94
62,"2-chloro-4,6-diethylamino-1,3,5-triazine, 1",0.523746467,2.0,CCNc1nc(Cl)nc(NCC)n1,Training,10.1016/j.scitotenv.2020.136816,train,0.523746467
63,"2-chloro-4,6-diethylamino-1,3,5-triazine, 1",0.939519253,,CCNc1nc(Cl)nc(NCC)n1,Training,10.1016/j.scitotenv.2020.136816,train,0.939519253
64,"2-chloro-4,6-diethylamino-1,3,5-triazine, 1",1.075546961,3.0,CCNc1nc(Cl)nc(NCC)n1,Training,10.1016/j.scitotenv.2020.136816,train,1.075546961
65,"2-chloro-4,6-diethylamino-1,3,5-triazine, 1",0.681241237,4.3,CCNc1nc(Cl)nc(NCC)n1,Training,10.1016/j.scitotenv.2020.136816,train,0.681241237
66,"2-chloro-4,6-diisopropylamino-1,3,5-triazine 3",0.184691431,3.0,CC(C)Nc1nc(Cl)nc(NC(C)C)n1,Training,10.1080/713610663,train,0.184691431
67,"2-chloro-4,6-dimethylamino-1,3,5-triazine 2",0.397940009,3.0,CNc1nc(Cl)nc(NC)n1,Training,10.1080/713610663,train,0.397940009
68,"2-chloro-4-amino-6-ethylamino-1,3,5-triazine 6",0.50242712,3.0,CCNc1nc(N)nc(Cl)n1,Training,10.1021/es990724e,train,0.50242712
69,"2-chloro-4-ethylamino-6-isopropylamino-1,3,5-triazine 14",1.113943352,4.2,CCNc1nc(Cl)nc(NC(C)C)n1,Training,doi.org/10.1016/j.watres.2012.06.006,train,1.113943352
70,"2-chloro-4-ethylamino-6-isopropylamino-1,3,5-triazine 14",1.210624783,9.0,CCNc1nc(Cl)nc(NC(C)C)n1,Training,doi.org/10.1016/j.watres.2012.06.006,train,1.210624783
71,"2-chloro-4-ethylamino-6-isopropylamino-1,3,5-triazine 14",1.421603927,2.8,CCNc1nc(Cl)nc(NC(C)C)n1,Training,doi.org/10.1016/j.watres.2012.06.006,train,1.421603927
72,"2-chloro-4-ethylamino-6-isopropylamino-1,3,5-triazine 14",1.210624783,5.0,CCNc1nc(Cl)nc(NC(C)C)n1,Training,doi.org/10.1016/j.watres.2012.06.006,train,1.210624783
73,"2-chloro-4-ethylamino-6-isopropylamino-1,3,5-triazine 14",0.875061263,2.5,CCNc1nc(Cl)nc(NC(C)C)n1,Training,doi.org/10.1016/j.watres.2012.06.006,train,0.875061263
74,"2-chloro-4-ethylamino-6-isopropylamino-1,3,5-triazine 14",1.210624783,,CCNc1nc(Cl)nc(NC(C)C)n1,Training,doi.org/10.1016/j.watres.2012.06.006,train,1.210624783
75,"2-chloro-4-ethylamino-6-isopropylamino-1,3,5-triazine 14",1.210624783,4.1,CCNc1nc(Cl)nc(NC(C)C)n1,Training,doi.org/10.1016/j.watres.2012.06.006,train,1.210624783
76,"2-chloro-4-ethylamino-6-isopropylamino-1,3,5-triazine 14",0.897627091,3.0,CCNc1nc(Cl)nc(NC(C)C)n1,Training,doi.org/10.1016/j.watres.2012.06.006,train,0.897627091
77,"2-chloro-4-ethylamino-6-isopropylamino-1,3,5-triazine 14",1.210624783,2.0,CCNc1nc(Cl)nc(NC(C)C)n1,Training,doi.org/10.1016/j.watres.2012.06.006,train,1.210624783
78,"2-chloro-4-ethylamino-6-isopropylamino-1,3,5-triazine 14",1.380211242,4.0,CCNc1nc(Cl)nc(NC(C)C)n1,Training,doi.org/10.1016/j.watres.2012.06.006,train,1.380211242
79,"2-chloro-4-ethylamino-6-t-butylamino-1,3,5-triazine 16",0.94792362,3.0,CCNc1nc(Cl)nc(NC(C)(C)C)n1,Training,10.1080/713610663,train,0.94792362
80,2-F aniline,6.862131379,,Nc1ccccc1F,Training,doi.org/10.1016/j.watres.2012.06.006,train,6.862131379
81,2-hydroxy phenol (catechol),7.334453751,7.0,Oc1ccccc1O.Oc1ccccc1O,Training,10.1021/acs.iecr.9b00337,train,7.334453751
82,2-isopropyl-3- methoxypyrazine,1.700703717,,COc1nccnc1C(C)C,Training,doi.org/10.1016/j.watres.2012.06.006,train,1.700703717
83,2-methyl phenol,3.141369421,7.0,Cc1ccccc1O,Training,10.1016/j.scitotenv.2020.136816,train,3.141369421
84,2-methyl phenol,3.141369421,,Cc1ccccc1O,Training,10.1016/j.scitotenv.2020.136816,train,3.141369421
85,2-Nitroso-1-naphthol,-0.5255,,O=Nc1ccc2ccccc2c1O,Training,10.1016/j.chemosphere.2014.05.068,train,-0.5255
86,2-Propanol,0.177530196,,CC(C)O,Training,doi.org/10.1016/j.watres.2012.06.006,train,0.177530196
87,2-Propanol,0.48,7.0,CC(C)O,Training,doi.org/10.1016/j.watres.2012.06.006,train,0.48
88,2-Propanol,0.278753601,4.0,CC(C)O,Training,doi.org/10.1016/j.watres.2012.06.006,train,0.278753601
89,"3,4-Dichlorobutene-1",-1.581698709,,C=CC(Cl)CCl,Training,10.1007/s10975-005-0142-4,train,-1.581698709
90,"3,4-dihydroxybenzoic acid",6.25,7.0,O=C(O)c1ccc(O)c(O)c1,Training,10.1016/j.scitotenv.2020.136816,train,6.25
91,"3,4-dimethyl phenol",4.922206277,,Cc1ccc(O)cc1C,Training,doi.org/10.1016/j.watres.2012.06.006,train,4.922206277
92,3-aminophenol,7.217483944,7.0,Nc1cccc(O)c1,Training,10.1021/acs.iecr.9b00337,train,7.217483944
93,3-Bromopropene,-1.15490196,,C=CCBr,Training,10.1007/s10975-005-0142-4,train,-1.15490196
94,3-CH3 aniline,7.274157849,,Cc1cccc(N)c1,Training,doi.org/10.1016/j.watres.2012.06.006,train,7.274157849
95,3-chlorophenol,7.025305865,7.0,Oc1cccc(Cl)c1,Training,10.1021/acs.iecr.9b00337,train,7.025305865
96,3-Cl aniline,6.894316063,,Nc1cccc(Cl)c1,Training,doi.org/10.1016/j.watres.2012.06.006,train,6.894316063
97,3-F aniline,6.909556029,,Nc1cccc(F)c1,Training,doi.org/10.1016/j.watres.2012.06.006,train,6.909556029
98,3-hydroxy (resorcinol)phenol,4.922766059,,Oc1cccc(O)c1,Training,doi.org/10.1016/j.watres.2012.06.006,train,4.922766059
99,3-hydroxy phenol (resorcinol),5.988558957,7.0,Oc1cccc(O)c1.Oc1cccc(O)c1,Training,10.1021/acs.iecr.9b00337,train,5.988558957
100,3-I aniline,6.870403905,,Nc1cccc(I)c1,Training,doi.org/10.1016/j.watres.2012.06.006,train,6.870403905
101,3-methoxyphenol,6.344392274,7.0,COc1cccc(O)c1,Training,10.1021/acs.iecr.9b00337,train,6.344392274
102,3-methyl phenol,4.180325015,,Cc1cccc(O)c1,Training,doi.org/10.1016/j.watres.2012.06.006,train,4.180325015
103,3-methyl phenol (m-cresol),6.629409599,7.0,Cc1cccc(O)c1.Cc1cccc(O)c1,Training,10.1021/acs.iecr.9b00337,train,6.629409599
104,3-methylindole,5.728770629,7.0,Cc1c[nH]c2ccccc12,Training,10.1016/j.scitotenv.2020.136816,train,5.728770629
105,3-methylindole,5.753583059,6.0,Cc1c[nH]c2ccccc12,Training,10.1016/j.scitotenv.2020.136816,train,5.753583059
106,3-methylindole,5.692846919,9.0,Cc1c[nH]c2ccccc12,Training,10.1016/j.scitotenv.2020.136816,train,5.692846919
107,3-methylindole,5.643452676,5.0,Cc1c[nH]c2ccccc12,Training,10.1016/j.scitotenv.2020.136816,train,5.643452676
108,3-methylindole,5.716837723,10.0,Cc1c[nH]c2ccccc12,Training,10.1016/j.scitotenv.2020.136816,train,5.716837723
109,3-methylindole,5.725911632,8.0,Cc1c[nH]c2ccccc12,Training,10.1016/j.scitotenv.2020.136816,train,5.725911632
110,3-nitrophenol,6.167317335,7.0,O=[N+]([O-])c1cccc(O)c1,Training,10.1021/acs.iecr.9b00337,train,6.167317335
111,3-NO2 aniline,6.376576957,,Nc1cccc([N+](=O)[O-])c1,Training,doi.org/10.1016/j.watres.2012.06.006,train,6.376576957
112,"4-amino-2,6-dinitrotoluene",5.255272505,,Cc1c([N+](=O)[O-])cc(N)cc1[N+](=O)[O-],Training,10.1021/es990189i,train,5.255272505
113,4-chloro 2-methylphenoxyacetic acid,1.678518379,,Cc1cc(Cl)ccc1OCC(=O)O,Training,10.1080/01919519208552274,train,1.678518379
114,4-chloro 2-methylphenoxyacetic acid,1.068927612,2.0,Cc1cc(Cl)ccc1OCC(=O)O,Training,10.1080/01919519208552274,train,1.068927612
115,4-chloro phenol,3.386855529,3.0,Oc1ccc(Cl)cc1,Training,doi.org/10.1016/j.watres.2012.06.006,train,3.386855529
116,4-chloro phenol,3.200303183,2.5,Oc1ccc(Cl)cc1,Training,doi.org/10.1016/j.watres.2012.06.006,train,3.200303183
117,4-chloro phenol,6.82672252,7.0,Oc1ccc(Cl)cc1,Training,doi.org/10.1016/j.watres.2012.06.006,train,6.82672252
118,4-chloro phenol,2.77815125,8.78,Oc1ccc(Cl)cc1,Training,doi.org/10.1016/j.watres.2012.06.006,train,2.77815125
119,4-chloro phenol,4.282912507,,Oc1ccc(Cl)cc1,Training,doi.org/10.1016/j.watres.2012.06.006,train,4.282912507
120,4-chloro-2-methyl phenol,5.64,7.0,Cc1cc(Cl)ccc1O,Training,10.1016/j.scitotenv.2020.136816,train,5.64
121,4-chloroguaiacol,4.635714907,2.5,COc1ccc(Cl)cc1O,Training,10.1016/S0304-3894(00)00269-7,train,4.635714907
122,4-chloroguaiacol,5.140542609,3.0,COc1ccc(Cl)cc1O,Training,10.1016/S0304-3894(00)00269-7,train,5.140542609
123,4-chloroguaiacol,4.592831593,2.0,COc1ccc(Cl)cc1O,Training,10.1016/S0304-3894(00)00269-7,train,4.592831593
124,4-Cl aniline,6.581580687,,Nc1ccc(Cl)cc1,Training,doi.org/10.1016/j.watres.2012.06.006,train,6.581580687
125,4-F aniline,7.089905111,,Nc1ccc(F)cc1,Training,doi.org/10.1016/j.watres.2012.06.006,train,7.089905111
126,4-hydroxy phenol (hydroquinone),6.876794976,7.0,Oc1ccc(O)cc1.Oc1ccc(O)cc1,Training,10.1021/acs.iecr.9b00337,train,6.876794976
127,4-hydroxyl phenol,6.255272505,3.0,Oc1ccc(O)cc1,Training,10.1016/j.scitotenv.2020.136816,train,6.255272505
128,4-hydroxyl phenol,6.129220024,7.0,Oc1ccc(O)cc1,Training,10.1016/j.scitotenv.2020.136816,train,6.129220024
129,4-hydroxyl phenol,6.129220024,,Oc1ccc(O)cc1,Training,10.1016/j.scitotenv.2020.136816,train,6.129220024
130,4-I aniline,6.965671971,,Nc1ccc(I)cc1,Training,doi.org/10.1016/j.watres.2012.06.006,train,6.965671971
131,4-methoxy cinnamic acid,5.113943352,,COc1ccc(C=CC(=O)O)cc1,Training,doi.org/10.1016/j.watres.2012.06.006,train,5.113943352
132,4-methoxy cinnamic acid (anion),5.832508913,,COc1ccc(/C=C/C(=O)[O-])cc1,Training,doi.org/10.1016/j.watres.2012.06.006,train,5.832508913
133,4-Methoxy-1-naphtalene sulfonic acid,3.556302501,,Cc1ccc(B(O)O)c2ccccc12,Training,doi.org/10.1016/j.watres.2012.06.006,train,3.556302501
134,4-methoxyphenol,7.214843848,7.0,COc1ccc(O)cc1,Training,10.1021/acs.iecr.9b00337,train,7.214843848
135,4-methyl phenol,4.398172701,,Cc1ccc(O)cc1,Training,10.1021/es803588k,train,4.398172701
136,4-methyl phenol,6.041392685,7.0,Cc1ccc(O)cc1,Training,10.1021/es803588k,train,6.041392685
137,4-methyl phenol (p-cresol),6.865103975,7.0,Cc1ccc(O)cc1.Cc1ccc(O)cc1,Training,10.1021/acs.iecr.9b00337,train,6.865103975
138,4-methyl-benzotriazole,2.892094603,,Cc1cccc2[nH]nnc12,Training,doi.org/10.1016/j.watres.2012.06.006,train,2.892094603
139,4-nitro phenolate,7.204119983,,O=[N+]([O-])c1ccc([O-])cc1,Training,doi.org/10.1016/j.watres.2012.06.006,train,7.204119983
140,4-nitro-cinnamic acid (anion),5.079181246,,O=C([O-])/C=C/c1ccc([N+](=O)[O-])cc1,Training,doi.org/10.1016/j.watres.2012.06.006,train,5.079181246
141,4-nitrophenol,6.6599162,7.0,O=[N+]([O-])c1ccc(O)cc1,Training,10.1021/acs.iecr.9b00337,train,6.6599162
142,4-n-nonylphenolate,9.834420704,,CCCCCCCCCc1ccc([O-])cc1,Training,doi.org/10.1016/j.watres.2012.06.006,train,9.834420704
143,4-NO2 aniline,5.112654641,,Nc1ccc([N+](=O)[O-])cc1,Training,doi.org/10.1016/j.watres.2012.06.006,train,5.112654641
144,4-SO2CH3 aniline,4.672097858,,CS(=O)(=O)c1ccc(N)cc1,Training,doi.org/10.1016/j.watres.2012.06.006,train,4.672097858
145,5-Chloro-2-methylbenzylamine,-0.653,,Cc1ccc(Cl)cc1CN,Training,10.1016/j.chemosphere.2014.05.068,train,-0.653
146,Acebutanol,3.2793768,7.0,CCCC(=O)Nc1ccc(OCC(O)CNC(C)C)c(C(C)=O)c1,Training,doi.org/10.1016/j.watres.2012.06.006,train,3.2793768
147,acenaphthene,5.26,7.0,c1cc2c3c(cccc3c1)CC2,Training,10.1016/j.scitotenv.2020.136816,train,5.26
148,acenaphthene,5.033423755,,c1cc2c3c(cccc3c1)CC2,Training,10.1016/j.scitotenv.2020.136816,train,5.033423755
149,Acesulfame,1.944482672,,CC1=CC(=O)N=S(=O)([O-])O1,Training,doi.org/10.1016/j.watres.2012.06.006,train,1.944482672
150,Acetaminophen,4.999724954,7.0,CC(=O)Nc1ccc(O)cc1,Training,10.1016/j.seppur.2014.09.004,train,4.999724954
151,Acetaminophen,6.409933123,7.2,CC(=O)Nc1ccc(O)cc1,Training,10.1016/j.seppur.2014.09.004,train,6.409933123
152,Acetaminophen,5.113943352,,CC(=O)Nc1ccc(O)cc1,Training,10.1016/j.seppur.2014.09.004,train,5.113943352
153,acetamiprid ,-0.602059991,,CC(=NC#N)N(C)Cc1ccc(Cl)nc1,Training,doi.org/10.1016/j.watres.2012.06.006,train,-0.602059991
154,acetic acid,-1.522878745,,CC(=O)O,Training,10.1016/j.cej.2018.10.191,train,-1.522878745
155,acetochlor,0.378397901,,CCOCN(C(=O)CCl)c1c(C)cccc1CC,Training,10.1021/ie030229y,train,0.378397901
156,Acetone,-1.494850022,2.0,CC(C)=O,Training,10.1016/0043-1354(83)90098-2,train,-1.494850022
157,acetone oxime,2.409425869,7.0,CC(C)=NO,Training,10.1016/j.watres.2017.05.074,train,2.409425869
158,acridine,1.57054294,3.0,c1ccc2nc3ccccc3cc2c1,Training,10.1080/01919510208901618,train,1.57054294
159,acrylamide,5.0,,C=CC(N)=O,Training,doi.org/10.1016/j.watres.2012.06.006,train,5.0
160,acrylic acid,4.447158031,,C=CC(=O)O,Training,doi.org/10.1016/j.watres.2012.06.006,train,4.447158031
161,acrylic acid (anion),5.204119983,,C=CC(=O)[O-],Training,doi.org/10.1016/j.watres.2012.06.006,train,5.204119983
162,acrylonitrile,2.94,7.0,C=CC#N,Training,doi.org/10.1016/j.watres.2012.06.006,train,2.94
163,adipic acid monoethyl ester,-2.522878745,,CCOC(=O)CCCCC(=O)O,Training,doi.org/10.1016/j.watres.2012.06.006,train,-2.522878745
164,alachlor,0.397940009,7.0,CCc1cccc(CC)c1N(COC)C(=O)CCl,Training,doi.org/10.1016/j.watres.2012.06.006,train,0.397940009
165,alachlor,0.579783597,4.0,CCc1cccc(CC)c1N(COC)C(=O)CCl,Training,doi.org/10.1016/j.watres.2012.06.006,train,0.579783597
166,alanine,4.880813592,,C[C@H](N)C(=O)O,Training,doi.org/10.1016/j.watres.2012.06.006,train,4.880813592
167,aldicarb,5.65,7.0,CNC(=O)O/N=C/C(C)(C)SC,Training,10.1016/j.scitotenv.2020.136816,train,5.65
168,Allyl alcohol,-0.677780705,,C=CCO,Training,10.1007/s10975-005-0142-4,train,-0.677780705
169,Allylbenzene,5.079181246,,C=CCc1ccccc1,Training,10.1080/01919519108552279,train,5.079181246
170,Allylbenzene,5.079181246,2.0,C=CCc1ccccc1,Training,10.1080/01919519108552279,train,5.079181246
171,Alpha-alanine,2.806179974,,CC(N)C(=O)O,Training,doi.org/10.1016/j.watres.2012.06.006,train,2.806179974
172,Amoxicillin,7.079181246,9.0,CC1(C)S[C@@H]2[C@H](NC(=O)[C@H](N)c3ccc(O)cc3)C(=O)N2[C@H]1C(=O)O.O.O.O,Training,10.1016/j.chemosphere.2008.08.033,train,7.079181246
173,Amoxicillin,3.361727836,2.5,CC1(C)S[C@@H]2[C@H](NC(=O)[C@H](N)c3ccc(O)cc3)C(=O)N2[C@H]1C(=O)O.O.O.O,Training,10.1016/j.chemosphere.2008.08.033,train,3.361727836
174,Amoxicillin,6.290402651,,CC1(C)S[C@@H]2[C@H](NC(=O)[C@H](N)c3ccc(O)cc3)C(=O)N2[C@H]1C(=O)O.O.O.O,Training,10.1016/j.chemosphere.2008.08.033,train,6.290402651
175,Amoxicillin,4.672097858,5.0,CC1(C)S[C@@H]2[C@H](NC(=O)[C@H](N)c3ccc(O)cc3)C(=O)N2[C@H]1C(=O)O.O.O.O,Training,10.1016/j.chemosphere.2008.08.033,train,4.672097858
176,Anatoxin-protonated,4.013470814,,CC(=O)C1=CCC[C@@H]2CC[C@H]1N2,Training,10.1016/j.watres.2012.06.006,train,4.013470814
177,aniline,2.606767847,,Nc1ccccc1,Training,doi.org/10.1016/j.watres.2012.06.006,train,2.606767847
178,aniline,7.146128036,7.0,Nc1ccccc1,Training,doi.org/10.1016/j.watres.2012.06.006,train,7.146128036
179,aniline,7.146128036,8.0,Nc1ccccc1,Training,doi.org/10.1016/j.watres.2012.06.006,train,7.146128036
180,anisole,2.462397998,,COc1ccccc1,Training,10.1016/0043-1354(83)90098-2,train,2.462397998
181,anisole,2.462397998,2.0,COc1ccccc1,Training,10.1016/0043-1354(83)90098-2,train,2.462397998
182,anthracene,4.43,6.8,c1ccc2cc3ccccc3cc2c1,Training,10.1016/j.scitotenv.2020.136816,train,4.43
183,antipyrine,5.79,7.0,Cc1cc(=O)n(-c2ccccc2)n1C,Training,10.1016/j.scitotenv.2020.136816,train,5.79
184,arginine,4.755874856,,N=C(N)NCCC[C@H](N)C(=O)O,Training,doi.org/10.1016/j.watres.2012.06.006,train,4.755874856
185,arginine,2.45,7.0,N=C(N)NCCC[C@H](N)C(=O)O,Training,doi.org/10.1016/j.watres.2012.06.006,train,2.45
186,ascorbic acid,4.740362689,,O=C1O[C@H]([C@@H](O)CO)C(O)=C1O,Training,doi.org/10.1016/j.watres.2012.06.006,train,4.740362689
187,aspartate,4.612783857,,N[C@@H](CC(=O)[O-])C(=O)[O-],Training,doi.org/10.1016/j.watres.2012.06.006,train,4.612783857
188,Atenolol,3.974436837,7.0,CC(C)NCC(O)COc1ccc(CC(N)=O)cc1,Training,doi.org/10.1016/j.watres.2012.06.006,train,3.974436837
189,Atenolol,3.974436837,,CC(C)NCC(O)COc1ccc(CC(N)=O)cc1,Training,doi.org/10.1016/j.watres.2012.06.006,train,3.974436837
190,azithromycin,6.77815125,,CC[C@H]1OC(=O)[C@H](C)[C@@H](O[C@H]2C[C@@](C)(OC)[C@@H](O)[C@H](C)O2)C(C)[C@@H](O[C@@H]2O[C@H](C)C[C@H](N(C)C)[C@H]2O)[C@](C)(O)C[C@@H](C)CN(C)[C@H](C)[C@@H](O)[C@]1(C)O,Training,10.1002/ep.12306,train,6.77815125
191,azithromycin,2.443245363,8.0,CC[C@H]1OC(=O)[C@H](C)[C@@H](O[C@H]2C[C@@](C)(OC)[C@@H](O)[C@H](C)O2)C(C)[C@@H](O[C@@H]2O[C@H](C)C[C@H](N(C)C)[C@H]2O)[C@](C)(O)C[C@@H](C)CN(C)[C@H](C)[C@@H](O)[C@]1(C)O,Training,10.1002/ep.12306,train,2.443245363
192,azithromycin,5.041392685,7.0,CC[C@H]1OC(=O)[C@H](C)[C@@H](O[C@H]2C[C@@](C)(OC)[C@@H](O)[C@H](C)O2)C(C)[C@@H](O[C@@H]2O[C@H](C)C[C@H](N(C)C)[C@H]2O)[C@](C)(O)C[C@@H](C)CN(C)[C@H](C)[C@@H](O)[C@]1(C)O,Training,10.1002/ep.12306,train,5.041392685
193,b-alanine,2.491361694,,NCCC(=O)O,Training,doi.org/10.1016/j.watres.2012.06.006,train,2.491361694
194,Benzene sulfonate ion,-1.638272164,1.8,O=S(=O)([O-])c1ccccc1,Training,doi.org/10.1016/j.watres.2012.06.006,train,-1.638272164
195,Benzisothiazolinone ,6.620136055,,O=S1N=Cc2ccccc21,Training,doi.org/10.1016/j.watres.2012.06.006,train,6.620136055
196,benzo(a)pyrene,4.521138084,,c1ccc2c(c1)cc1ccc3cccc4ccc2c1c34,Training,10.1080/01919510490507766,train,4.521138084
197,benzo(a)pyrene,3.88,7.0,c1ccc2c(c1)cc1ccc3cccc4ccc2c1c34,Training,10.1080/01919510490507766,train,3.88
198,benzoate ion,0.079181246,,O=C([O-])c1ccccc1,Training,10.1016/0043-1354(83)90098-2,train,0.079181246
199,benzoate ion,0.079181246,2.0,O=C([O-])c1ccccc1,Training,10.1016/0043-1354(83)90098-2,train,0.079181246
200,benzothiazole,0.361727836,,c1ccc2scnc2c1,Training,10.2166/wst.2004.0900,train,0.361727836
201,beta-Cyclocitral,3.589949601,,CC1=C(C=O)C(C)(C)CCC1,Training,doi.org/10.1016/j.watres.2012.06.006,train,3.589949601
202,Beta-N-methylamino-L-alanine,9.558708571,8.5,CNC[C@H](N)C(=O)O,Training,10.1016/j.watres.2018.05.056,train,9.558708571
203,Beta-N-methylamino-L-alanine,6.274157849,5.8,CNC[C@H](N)C(=O)O,Training,10.1016/j.watres.2018.05.056,train,6.274157849
204,Beta-N-methylamino-L-alanine,9.450249108,3.0,CNC[C@H](N)C(=O)O,Training,10.1016/j.watres.2018.05.056,train,9.450249108
205,Beta-N-methylamino-L-alanine,10.57054294,9.5,CNC[C@H](N)C(=O)O,Training,10.1016/j.watres.2018.05.056,train,10.57054294
206,Beta-N-methylamino-L-alanine,7.755874856,7.0,CNC[C@H](N)C(=O)O,Training,10.1016/j.watres.2018.05.056,train,7.755874856
207,Bezafibrate,2.803803993,7.0,CC(C)(Oc1ccc(CCNC(=O)c2ccc(Cl)cc2)cc1)C(=O)O,Training,doi.org/10.1016/j.watres.2012.06.006,train,2.803803993
208,Bezafibrate,2.803803993,,CC(C)(Oc1ccc(CCNC(=O)c2ccc(Cl)cc2)cc1)C(=O)O,Training,doi.org/10.1016/j.watres.2012.06.006,train,2.803803993
209,Bezafibrate,2.803803993,8.0,CC(C)(Oc1ccc(CCNC(=O)c2ccc(Cl)cc2)cc1)C(=O)O,Training,doi.org/10.1016/j.watres.2012.06.006,train,2.803803993
210,b-ionone,5.204119983,,CC(=O)/C=C/C1=C(C)CCCC1(C)C,Training,doi.org/10.1016/j.watres.2012.06.006,train,5.204119983
211,bisphenol A,6.035725861,7.0,CC(C)(c1ccc(O)cc1)c1ccc(O)cc1,Training,10.1021/es803588k,train,6.035725861
212,bisphenol A,6.035725861,2.0,CC(C)(c1ccc(O)cc1)c1ccc(O)cc1,Training,10.1021/es803588k,train,6.035725861
213,bisphenol A,5.064457989,10.0,CC(C)(c1ccc(O)cc1)c1ccc(O)cc1,Training,10.1021/es803588k,train,5.064457989
214,bisphenol A,4.973127854,5.0,CC(C)(c1ccc(O)cc1)c1ccc(O)cc1,Training,10.1021/es803588k,train,4.973127854
215,bisphenol A,4.049218023,3.0,CC(C)(c1ccc(O)cc1)c1ccc(O)cc1,Training,10.1021/es803588k,train,4.049218023
216,bisphenol A,9.204119983,12.0,CC(C)(c1ccc(O)cc1)c1ccc(O)cc1,Training,10.1021/es803588k,train,9.204119983
217,bisphenol A,6.035725861,,CC(C)(c1ccc(O)cc1)c1ccc(O)cc1,Training,10.1021/es803588k,train,6.035725861
218,bisphenol-A (phenol),4.225309282,,CC(C)(c1ccc(O)cc1)c1ccc(O)cc1.Oc1ccccc1,Training,doi.org/10.1016/j.watres.2012.06.006,train,4.225309282
219,bisphenol-A (phenolate),9.045322979,,CC(C)(c1ccc(O)cc1)c1ccc(O)cc1.[O-]c1ccccc1,Training,doi.org/10.1016/j.watres.2012.06.006,train,9.045322979
220,bromide,2.414973348,,[Br-],Training,10.1016/j.watres.2009.11.045,train,2.414973348
221,Bromocresol green,1.89,,Cc1c(C2(c3cc(Br)c(O)c(Br)c3C)OS(=O)(=O)c3ccccc32)cc(Br)c(O)c1Br,Training,10.1016/j.chemosphere.2014.05.068,train,1.89
222,Bromophenol blue,0.728,,O=S1(=O)OC(c2cc(Br)c(O)c(Br)c2)(c2cc(Br)c(O)c(Br)c2)c2ccccc21,Training,10.1016/j.chemosphere.2014.05.068,train,0.728
223,Bromoxynil,2.715882851,2.0,N#Cc1cc(Br)c(O)c(Br)c1,Training,10.1016/j.chemosphere.2009.11.014,train,2.715882851
224,but-1-en-2-ol,4.897627091,,C=C(O)CC,Training,doi.org/10.1016/j.watres.2012.06.006,train,4.897627091
225,butachlor,0.725911632,,CCCCOCN(C(=O)CCl)c1c(CC)cccc1CC,Training,10.1021/ie030229y,train,0.725911632
226,buten-3-ol,4.897627091,7.0,C=CC(C)O,Training,10.1021/es803588k,train,4.897627091
227,buten-3-ol,4.897627091,8.0,C=CC(C)O,Training,10.1021/es803588k,train,4.897627091
228,butyl benzyl phthalate,0.15,7.0,CCCCOC(=O)c1ccccc1C(=O)OCc1ccccc1,Training,10.1016/j.scitotenv.2020.136816,train,0.15
229,butylated hydroxyanisole,6.52,7.0,COc1ccc(O)c(C(C)(C)C)c1,Training,10.1016/j.scitotenv.2020.136816,train,6.52
230,butylparaben,6.46,7.0,CCCCOC(=O)c1ccc(O)cc1,Training,10.1016/j.scitotenv.2020.136816,train,6.46
231,butylparaben,9.139879086,12.0,CCCCOC(=O)c1ccc(O)cc1,Training,10.1016/j.scitotenv.2020.136816,train,9.139879086
232,butylparaben,5.643452676,6.0,CCCCOC(=O)c1ccc(O)cc1,Training,10.1016/j.scitotenv.2020.136816,train,5.643452676
233,butylparaben,2.62324929,2.0,CCCCOC(=O)c1ccc(O)cc1,Training,10.1016/j.scitotenv.2020.136816,train,2.62324929
234,C2H5SH,5.477121255,4.7,CCS,Training,10.1016/j.cej.2018.11.005,train,5.477121255
235,caffeine,4.087320596,8.0,Cn1c(=O)c2c(ncn2C)n(C)c1=O,Training,10.1016/j.scitotenv.2020.136816,train,4.087320596
236,caffeine,4.4,7.0,Cn1c(=O)c2c(ncn2C)n(C)c1=O,Training,10.1016/j.scitotenv.2020.136816,train,4.4
237,carbamazepine,5.477121255,7.0,NC(=O)N1c2ccccc2C=Cc2ccccc21,Training,doi.org/10.1016/j.watres.2012.06.006,train,5.477121255
238,carbamazepine,5.477121255,,NC(=O)N1c2ccccc2C=Cc2ccccc21,Training,doi.org/10.1016/j.watres.2012.06.006,train,5.477121255
239,Carbofuran,2.792391689,,CNC(=O)Oc1cccc2c1OC(C)(C)C2,Training,doi.org/10.1016/j.watres.2012.06.006,train,2.792391689
240,Carbofuran,2.792391689,3.7,CNC(=O)Oc1cccc2c1OC(C)(C)C2,Training,doi.org/10.1016/j.watres.2012.06.006,train,2.792391689
241,catechol,5.577795101,7.0,Oc1ccccc1O,Training,doi.org/10.1016/j.watres.2012.06.006,train,5.577795101
242,Cefalexin,4.939759626,7.0,CC1=C(C(=O)O)N2C(=O)[C@@H](NC(=O)[C@H](N)c3ccccc3)[C@H]2SC1.O.[Cl-].[H+],Training,10.1016/j.chemosphere.2008.08.033,train,4.939759626
243,Cephalexin,4.939519253,,CC1=C(C(=O)O)N2C(=O)[C@@H](NC(=O)[C@H](N)c3ccccc3)[C@H]2SC1,Training,doi.org/10.1016/j.watres.2012.06.006,train,4.939519253
244,cetirizine,5.230448921,7.0,O=C(O)COCCN1CCN(C(c2ccccc2)c2ccc(Cl)cc2)CC1,Training,10.1016/j.watres.2016.02.020,train,5.230448921
245,chloro benzene,-0.124938737,,Clc1ccccc1,Training,10.1016/0043-1354(83)90098-2,train,-0.124938737
246,chloro-methyl-isothiazolinone,0.963787827,,CC1=NSC(Cl)C1=O,Training,10.1016/j.jhazmat.2019.121898,train,0.963787827
247,chlorophene,3.498310554,6.0,C=CC(=C)Cl,Training,10.1016/j.scitotenv.2020.136816,train,3.498310554
248,chlorophene,4.411619706,9.0,C=CC(=C)Cl,Training,10.1016/j.scitotenv.2020.136816,train,4.411619706
249,chlorophene,5.260071388,11.0,C=CC(=C)Cl,Training,10.1016/j.scitotenv.2020.136816,train,5.260071388
250,chlorophene,3.50242712,5.0,C=CC(=C)Cl,Training,10.1016/j.scitotenv.2020.136816,train,3.50242712
251,chlorophene,3.222716471,3.0,C=CC(=C)Cl,Training,10.1016/j.scitotenv.2020.136816,train,3.222716471
252,chlorophene,3.972665592,8.0,C=CC(=C)Cl,Training,10.1016/j.scitotenv.2020.136816,train,3.972665592
253,chlorophene,3.469822016,4.0,C=CC(=C)Cl,Training,10.1016/j.scitotenv.2020.136816,train,3.469822016
254,chlortetracycline,7.230224461,7.0,CN(C)[C@@H]1C(=O)/C(=C(\N)O)C(=O)[C@@]2(O)C(=O)C3=C(O)c4c(O)ccc(Cl)c4[C@@](C)(O)[C@H]3C[C@@H]12.[Cl-].[H+],Training,10.1016/j.scitotenv.2020.136816,train,7.230224461
255,chrysene,4.041392685,,c1ccc2c(c1)ccc1c3ccccc3ccc21,Training,10.1080/01919510490507766,train,4.041392685
256,CI Reactive Black 5 ,5.403120521,6.1,Nc1c(N=Nc2ccc(S(=O)(=O)CCOS(=O)(=O)[O-])cc2)c(S(=O)(=O)[O-])cc2c1C(=O)/C(=N\Nc1ccc(S(=O)(=O)CCOS(=O)(=O)[O-])cc1)C(S(=O)(=O)[O-])=C2.[Na+].[Na+].[Na+].[Na+],Training,doi.org/10.1016/j.watres.2012.06.006,train,5.403120521
257,cinnamic acid,5.597315859,,O=C(O)C=Cc1ccccc1,Training,doi.org/10.1016/j.watres.2012.06.006,train,5.597315859
258,cinnamic acid (anion),5.829482,,O=C([O-])C=Cc1ccccc1,Training,doi.org/10.1016/j.watres.2012.06.006,train,5.829482
259,ciprofloxacin,4.499340707,7.0,O=C(O)c1cn(C2CC2)c2cc(N3CCNCC3)c(F)cc2c1=O,Training,doi.org/10.1016/j.watres.2012.06.006,train,4.499340707
260,ciprofloxacin,5.113943352,8.0,O=C(O)c1cn(C2CC2)c2cc(N3CCNCC3)c(F)cc2c1=O,Training,doi.org/10.1016/j.watres.2012.06.006,train,5.113943352
261,"cis-1,2-Dichloroethylene",2.491361694,2.0,Cl/C=C\Cl,Training,doi.org/10.1016/j.watres.2012.06.006,train,2.491361694
262,cis-3-hexen-1-ol,5.73239376,,CC/C=C\CCO,Training,doi.org/10.1016/j.watres.2012.06.006,train,5.73239376
263,cis-cis-muconic acid,4.512652933,,O=C(O)/C=C\C=C/C(=O)O,Training,doi.org/10.1016/j.watres.2012.06.006,train,4.512652933
264,Clarithromycin,4.602059991,7.0,CC[C@H]1OC(=O)[C@H](C)[C@@H](O[C@H]2C[C@@](C)(OC)[C@@H](O)[C@H](C)O2)[C@H](C)[C@@H](O[C@@H]2O[C@H](C)C[C@H](N(C)C)[C@H]2O)[C@](C)(OC)C[C@@H](C)C(=O)[C@H](C)[C@@H](O)[C@]1(C)O,Training,doi.org/10.1016/j.watres.2012.06.006,train,4.602059991
265,clofibric acid,3.7,7.0,CC(C)(Oc1ccc(Cl)cc1)C(=O)O,Training,10.1016/j.watres.2013.08.025,train,3.7
266,Cresol red,0.713,,Cc1cc(C2(c3ccc(O)c(C)c3)OS(=O)(=O)c3ccccc32)ccc1O,Training,10.1016/j.chemosphere.2014.05.068,train,0.713
267,Crystal violet,1.04,,CN(C)c1ccc([C+](c2ccc(N(C)C)cc2)c2ccc(N(C)C)cc2)cc1.[Cl-],Training,10.1016/j.chemosphere.2014.05.068,train,1.04
268,cyanazine,0.86569606,7.0,CCNc1nc(Cl)nc(NC(C)(C)C#N)n1,Training,10.1080/01919519408552499,train,0.86569606
269,cyanazine,0.409933123,5.0,CCNc1nc(Cl)nc(NC(C)(C)C#N)n1,Training,10.1080/01919519408552499,train,0.409933123
270,Cyanic acid,-2.0,,N#CO,Training,doi.org/10.1016/j.watres.2012.06.006,train,-2.0
271,cyclohexanemethylamine,4.851258349,,NCC1CCCCC1,Training,doi.org/10.1016/j.watres.2012.06.006,train,4.851258349
272,cyclohexene,6.34,7.0,C1=CCCCC1,Training,10.1016/j.scitotenv.2020.136816,train,6.34
273,cyclohexylamine,4.69019608,,NC1CCCCC1,Training,doi.org/10.1016/j.watres.2012.06.006,train,4.69019608
274,Cyclopentanol,0.130333768,,OC1CCCC1,Training,10.23939/chcht10.04si.531,train,0.130333768
275,cyclophosphamide,0.51851394,8.1,O=P1(N(CCCl)CCCl)NCCCO1,Training,10.1111/j.1747-6593.2009.00169.x,train,0.51851394
276,cyclophosphamide,0.36794902,,O=P1(N(CCCl)CCCl)NCCCO1,Training,10.1111/j.1747-6593.2009.00169.x,train,0.36794902
277,cysteine,6.64,7.0,N[C@@H](CS)C(=O)O,Training,10.1016/j.scitotenv.2020.136816,train,6.64
278,cystine,3.48,7.0,N[C@@H](CSSC[C@H](N)C(=O)O)C(=O)O,Training,10.1016/j.scitotenv.2020.136816,train,3.48
279,DABCO-H+,3.544068044,,C1C[NH+]2CCN1CC2,Training,doi.org/10.1016/j.watres.2012.06.006,train,3.544068044
280,Dalapon,-3.301029996,,CC(Cl)(Cl)C(=O)O,Training,doi.org/10.1016/j.watres.2012.06.006,train,-3.301029996
281,deethylatrazine,-0.732986947,,CC(C)Nc1nc(N)nc(Cl)n1,Training,10.1021/es990724e,train,-0.732986947
282,Diazepam,-0.124938737,,CN1C(=O)CN=C(c2ccccc2)c2cc(Cl)ccc21,Training,doi.org/10.1016/j.watres.2012.06.006,train,-0.124938737
283,Dibutyl phthalate,-1.036212173,,CCCCOC(=O)c1ccccc1C(=O)OCCCC,Training,10.1016/j.jhazmat.2011.08.054,train,-1.036212173
284,dichlorvos,2.138000995,,COP(=O)(OC)OC=C(Cl)Cl,Training,10.1016/j.seppur.2017.09.069,train,2.138000995
285,diclofenac,5.975651231,7.0,O=C(O)Cc1ccccc1Nc1c(Cl)cccc1Cl,Training,doi.org/10.1016/j.watres.2012.06.006,train,5.975651231
286,diclofenac,5.975651231,8.0,O=C(O)Cc1ccccc1Nc1c(Cl)cccc1Cl,Training,doi.org/10.1016/j.watres.2012.06.006,train,5.975651231
287,Diethyl phthalate,-1.070581074,,CCOC(=O)c1ccccc1C(=O)OCC,Training,10.1016/j.scitotenv.2020.136816,train,-1.070581074
288,Diethylamine,5.780832563,5.0,CCNCC,Training,doi.org/10.1016/j.watres.2012.06.006,train,5.780832563
289,Diethylamine,5.859041392,,CCNCC,Training,doi.org/10.1016/j.watres.2012.06.006,train,5.859041392
290,Diethylether,0.041392685,2.0,CCOCC,Training,10.1016/0043-1354(83)90098-2,train,0.041392685
291,dimethyl phthalate,0.32,7.0,COC(=O)c1ccccc1C(=O)OC,Training,10.1016/j.jhazmat.2011.08.054,train,0.32
292,dimethyl sulfoxide,-0.380697924,,CS(C)=O,Training,10.1016/j.scitotenv.2020.136816,train,-0.380697924
293,dimethyl sulfoxide,0.91,7.0,CS(C)=O,Training,10.1016/j.scitotenv.2020.136816,train,0.91
294,dimethylamine,3.579783597,7.0,CNC,Training,doi.org/10.1016/j.watres.2012.06.006,train,3.579783597
295,dimethylamine,3.903089987,,CNC,Training,doi.org/10.1016/j.watres.2012.06.006,train,3.903089987
296,dimethylamine,7.301029996,5.5,CNC,Training,doi.org/10.1016/j.watres.2012.06.006,train,7.301029996
297,Dioxane,-0.494850022,2.0,C1COCCO1,Training,10.1016/0043-1354(83)90098-2,train,-0.494850022
298,Dipropyl phthalate,-0.958607315,,CCCOC(=O)c1ccccc1C(=O)OCCC,Training,10.1016/j.jhazmat.2011.08.054,train,-0.958607315
299,Diquat,-0.22184875,3.1,[Br-].[Br-].c1cc[n+]2c(c1)-c1cccc[n+]1CC2,Training,10.1016/0043-1354(91)90155-J,train,-0.22184875
300,doxycycline,5.9,7.0,C[C@H]1c2cccc(O)c2C(O)=C2C(=O)[C@]3(O)C(=O)/C(=C(/N)O)C(=O)[C@@H](N(C)C)[C@@H]3[C@@H](O)[C@@H]21.O.O.[Cl-].[H+],Training,10.1016/j.scitotenv.2020.136816,train,5.9
301,EDTA-H+,5.204119983,,O=C([O-])CN(CCN(CC(=O)O)CC(=O)O)CC(=O)O,Training,doi.org/10.1016/j.watres.2012.06.006,train,5.204119983
302,Endothall,0.301029996,,O=C([O-])C1C2CCC(O2)C1C(=O)[O-].[Na+].[Na+],Training,doi.org/10.1016/j.watres.2012.06.006,train,0.301029996
303,enrofloxacin,5.72427587,8.0,CCN1CCN(c2cc3c(cc2F)c(=O)c(C(=O)O)cn3C2CC2)CC1,Training,doi.org/10.1016/j.watres.2012.06.006,train,5.72427587
304,enrofloxacin,5.226731089,,CCN1CCN(c2cc3c(cc2F)c(=O)c(C(=O)O)cn3C2CC2)CC1,Training,doi.org/10.1016/j.watres.2012.06.006,train,5.226731089
305,enrofloxacin,5.226731089,7.0,CCN1CCN(c2cc3c(cc2F)c(=O)c(C(=O)O)cn3C2CC2)CC1,Training,doi.org/10.1016/j.watres.2012.06.006,train,5.226731089
306,equilenin,7.0,7.0,CC12CCc3c(ccc4cc(O)ccc34)C1CCC2=O,Training,10.1016/j.scitotenv.2020.136816,train,7.0
307,estriol-dissociated,9.589949601,,C[C@]12CC[C@@H]3c4ccc([O-])cc4CC[C@H]3[C@@H]1C[C@@H](O)[C@@H]2O,Training,doi.org/10.1016/j.watres.2012.06.006,train,9.589949601
308,estriol-non-dissociated,6.532864116,,C[C@]12CC[C@@H]3c4ccc(O)cc4CC[C@H]3[C@@H]1C[C@@H](O)[C@@H]2O,Training,doi.org/10.1016/j.watres.2012.06.006,train,6.532864116
309,estrone,6.665582906,,C[C@]12CC[C@@H]3c4ccc(O)cc4CC[C@H]3[C@@H]1CCC2=O,Training,10.1002/ep.12306,train,6.665582906
310,estrone,5.97,7.0,C[C@]12CC[C@@H]3c4ccc(O)cc4CC[C@H]3[C@@H]1CCC2=O,Training,10.1002/ep.12306,train,5.97
311,estrone-dissociated,9.627365857,,C[C@]12CC[C@@H]3c4ccc([O-])cc4CC[C@H]3[C@@H]1CCC2=O,Training,doi.org/10.1016/j.watres.2012.06.006,train,9.627365857
312,Ethanol,-0.292429824,7.2,CCO,Training,10.23939/chcht10.04si.531,train,-0.292429824
313,Ethanol,-0.113509275,8.1,CCO,Training,10.23939/chcht10.04si.531,train,-0.113509275
314,Ethanol,-0.142667504,7.3,CCO,Training,10.23939/chcht10.04si.531,train,-0.142667504
315,Ethanol,-0.431798276,2.0,CCO,Training,10.23939/chcht10.04si.531,train,-0.431798276
316,ethene,5.255272505,,C=C,Training,doi.org/10.1016/j.watres.2012.06.006,train,5.255272505
317,ethyl benzene,1.146128036,,CCc1ccccc1,Training,doi.org/10.1016/j.watres.2012.06.006,train,1.146128036
318,ethyl N-piperazine arboxylate,6.041392685,,CCOC(=O)N1CCNCC1,Training,doi.org/10.1016/j.watres.2012.06.006,train,6.041392685
319,Ethylamine,5.174347095,6.0,CCN,Training,10.1016/j.watres.2019.03.089,train,5.174347095
320,ethylparaben,2.556302501,2.0,CCOC(=O)c1ccc(O)cc1,Training,10.1016/j.scitotenv.2020.136816,train,2.556302501
321,ethylparaben,9.068185862,12.0,CCOC(=O)c1ccc(O)cc1,Training,10.1016/j.scitotenv.2020.136816,train,9.068185862
322,ethylparaben,5.531478917,6.0,CCOC(=O)c1ccc(O)cc1,Training,10.1016/j.scitotenv.2020.136816,train,5.531478917
323,ethyl-t-butyl-ether,-0.105130343,,CCOC(C)(C)C,Training,10.1016/j.molcata.2014.02.014,train,-0.105130343
324,Fenofibric acid,0.53529412,,CC(C)(Oc1ccc(C(=O)c2ccc(Cl)cc2)cc1)C(=O)O,Training,doi.org/10.1016/j.watres.2012.06.006,train,0.53529412
325,Fenoprofen,5.152288344,8.0,CC(C(=O)O)c1cccc(Oc2ccccc2)c1,Training,10.1002/ep.12306,train,5.152288344
326,Fenoprop,0.949390007,,CC(Oc1cc(Cl)c(Cl)cc1Cl)C(=O)O,Training,10.1016/0043-1354(91)90155-J,train,0.949390007
327,fenoterol,6.45,7.0,CC(Cc1ccc(O)cc1)[NH2+]CC(O)c1cc(O)cc(O)c1.[Br-],Training,10.1016/j.scitotenv.2020.136816,train,6.45
328,fexofenadine,3.954242509,7.0,CC(C)(C(=O)O)c1ccc(C(O)CCCN2CCC(C(O)(c3ccccc3)c3ccccc3)CC2)cc1,Training,10.1016/j.watres.2016.02.020,train,3.954242509
329,Fluconazole,0.15,,OC(Cn1cncn1)(Cn1cncn1)c1ccc(F)cc1F,Training,doi.org/10.1016/j.watres.2012.06.006,train,0.15
330,Fluorene,1.218665203,,c1ccc2c(c1)Cc1ccccc1-2,Training,10.1021/ie00044a012,train,1.218665203
331,Formaldehyde,-1.0,2.0,C=O,Training,10.1016/0043-1354(83)90098-2,train,-1.0
332,Formic acid,0.698970004,2.0,O=CO,Training,10.1016/0043-1354(83)90099-4,train,0.698970004
333,Fuchsin Basic,0.73,,CC1=CC(=C(c2ccc(N)cc2)c2ccc(N)cc2)C=CC1=N.[Cl-].[H+],Training,10.1016/j.cej.2014.05.073,train,0.73
334,Furosemide,4.832508913,,NS(=O)(=O)c1cc(C(=O)O)c(NCc2ccco2)cc1Cl,Training,doi.org/10.1016/j.watres.2012.06.006,train,4.832508913
335,galaxolide,2.15,7.0,CC1COCc2cc3c(cc21)C(C)(C)C(C)C3(C)C,Training,10.1016/j.scitotenv.2020.136816,train,2.15
336,gemfibrozil,4.889933569,7.0,Cc1ccc(C)c(OCCCC(C)(C)C(=O)O)c1,Training,doi.org/10.1016/j.watres.2012.06.006,train,4.889933569
337,gemfibrozil,4.889933569,,Cc1ccc(C)c(OCCCC(C)(C)C(=O)O)c1,Training,doi.org/10.1016/j.watres.2012.06.006,train,4.889933569
338,gentisic acid,6.39,7.0,O=C(O)c1cc(O)ccc1O,Training,10.1016/j.scitotenv.2020.136816,train,6.39
339,Glucose,-0.045757491,6.0,O=C[C@H](O)[C@@H](O)[C@H](O)[C@H](O)CO,Training,10.1016/0043-1354(83)90098-2,train,-0.045757491
340,Glucose,-0.346787486,2.0,O=C[C@H](O)[C@@H](O)[C@H](O)[C@H](O)CO,Training,10.1016/0043-1354(83)90098-2,train,-0.346787486
341,glutathione,6.4,7.0,N[C@@H](CCC(=O)N[C@@H](CS)C(=O)NCC(=O)O)C(=O)O,Training,10.1016/j.scitotenv.2020.136816,train,6.4
342,glutathione,1.759667845,,N[C@@H](CCC(=O)N[C@@H](CS)C(=O)NCC(=O)O)C(=O)O,Training,10.1016/j.scitotenv.2020.136816,train,1.759667845
343,glycine,5.322219295,,NCC(=O)O,Training,doi.org/10.1016/j.watres.2012.06.006,train,5.322219295
344,glycine,1.32,7.0,NCC(=O)O,Training,doi.org/10.1016/j.watres.2012.06.006,train,1.32
345,Glyoxylic acid,-0.769551079,0.28,O=CC(=O)O,Training,doi.org/10.1016/j.watres.2012.06.006,train,-0.769551079
346,Glyoxylic acid,0.278753601,,O=CC(=O)O,Training,doi.org/10.1016/j.watres.2012.06.006,train,0.278753601
347,HNO2/NO2-,5.568201724,,O=[N+]([O-])O,Training,,train,5.568201724
348,Ibuprofen,0.854913022,2.0,CC(C)Cc1ccc(C(C)C(=O)O)cc1,Training,doi.org/10.1016/j.watres.2012.06.006,train,0.854913022
349,Ibuprofen,0.976583599,7.0,CC(C)Cc1ccc(C(C)C(=O)O)cc1,Training,doi.org/10.1016/j.watres.2012.06.006,train,0.976583599
350,ifosfamide,0.841984805,,O=P1(NCCCl)OCCCN1CCCl,Training,doi.org/10.1016/j.watres.2012.06.006,train,0.841984805
351,Imidazole,5.230448921,7.0,c1c[nH]cn1,Training,doi.org/10.1016/j.watres.2012.06.006,train,5.230448921
352,Imidazole,1.342422681,5.6,c1c[nH]cn1,Training,doi.org/10.1016/j.watres.2012.06.006,train,1.342422681
353,iminodiacetic acid,6.447158031,,O=C(O)CNCC(=O)O,Training,doi.org/10.1016/j.watres.2012.06.006,train,6.447158031
354,indomethacin,5.841753159,,COc1ccc2c(c1)c(CC(=O)O)c(C)n2C(=O)c1ccc(Cl)cc1,Training,10.1016/j.jhazmat.2016.05.023,train,5.841753159
355,iosleucine,4.748188027,,CC[C@H](C)[C@H](N)C(=O)O,Training,doi.org/10.1016/j.watres.2012.06.006,train,4.748188027
356,irgarol ,2.703291378,,CSc1nc(NC2CC2)nc(NC(C)(C)C)n1,Training,doi.org/10.1016/j.watres.2012.06.006,train,2.703291378
357,Isatin,1.322219295,2.0,O=C1Nc2ccccc2C1=O,Training,10.1016/j.chemosphere.2014.05.068,train,1.322219295
358,Isatin,-1.8615,,O=C1Nc2ccccc2C1=O,Training,10.1016/j.chemosphere.2014.05.068,train,-1.8615
359,isopropyl benzene,1.041392685,,CC(C)c1ccccc1,Training,10.1016/0043-1354(83)90098-2,train,1.041392685
360,Isoprothiolane,2.392872745,,CC(C)OC(=O)C(C(=O)OC(C)C)=C1SCCS1,Training,10.1016/j.chemosphere.2019.03.179,train,2.392872745
361,Ketoprofen,-0.397940009,7.0,CC(C(=O)O)c1cccc(C(=O)c2ccccc2)c1,Training,10.1016/j.scitotenv.2020.137150,train,-0.397940009
362,Ketoprofen,-0.397940009,,CC(C(=O)O)c1cccc(C(=O)c2ccccc2)c1,Training,10.1016/j.scitotenv.2020.137150,train,-0.397940009
363,L-Asparagine,1.85,7.0,NC(=O)C[C@H](N)C(=O)O,Training,10.1016/j.scitotenv.2020.136816,train,1.85
364,L-Aspartic acid,1.7,7.0,N[C@@H](CC(=O)O)C(=O)O,Training,10.1016/j.scitotenv.2020.136816,train,1.7
365,levofloxacin,4.77815125,7.2,C[C@H]1COc2c(N3CCN(C)CC3)c(F)cc3c(=O)c(C(=O)O)cn1c23.C[C@H]1COc2c(N3CCN(C)CC3)c(F)cc3c(=O)c(C(=O)O)cn1c23.O,Training,10.1016/j.chemosphere.2017.12.079,train,4.77815125
366,levofloxacin,5.311753861,7.1,C[C@H]1COc2c(N3CCN(C)CC3)c(F)cc3c(=O)c(C(=O)O)cn1c23.C[C@H]1COc2c(N3CCN(C)CC3)c(F)cc3c(=O)c(C(=O)O)cn1c23.O,Training,10.1016/j.chemosphere.2017.12.079,train,5.311753861
367,levonorgestrel,3.154423973,8.1,C#C[C@]1(O)CC[C@H]2[C@@H]3CCC4=CC(=O)CC[C@@H]4[C@H]3CC[C@@]21CC,Training,10.1016/j.watres.2009.07.031,train,3.154423973
368,L-Glutamine,1.9,7.0,NC(=O)CC[C@H](N)C(=O)O,Training,doi.org/10.1016/j.watres.2012.06.006,train,1.9
369,Lidocaine,4.86332286,,CCN(CC)CC(=O)Nc1c(C)cccc1C,Training,doi.org/10.1016/j.watres.2012.06.006,train,4.86332286
370,Lincomycin,5.67425697,7.0,CCC[C@@H]1C[C@@H](C(=O)N[C@H]([C@@H](C)O)[C@H]2O[C@H](SC)[C@H](O)[C@@H](O)[C@H]2O)N(C)C1.O.[Cl-].[H+],Training,10.1016/j.chemosphere.2008.08.033,train,5.67425697
371,linoleic acids,4.0,,CCCCC/C=C\C/C=C\CCCCCCCC(=O)O,Training,10.1139/s05-031,train,4.0
372,L-Lysine,2.08,7.0,NCCCC[C@H](N)C(=O)O,Training,doi.org/10.1016/j.watres.2012.06.006,train,2.08
373,L-Phenylalanine,3.11,7.0,N[C@@H](Cc1ccccc1)C(=O)O,Training,doi.org/10.1016/j.watres.2012.06.006,train,3.11
374,L-Phenylalanine,5.579783597,,N[C@@H](Cc1ccccc1)C(=O)O,Training,doi.org/10.1016/j.watres.2012.06.006,train,5.579783597
375,L-Valine,4.832508913,,CC(C)[C@H](N)C(=O)O,Training,doi.org/10.1016/j.watres.2012.06.006,train,4.832508913
376,L-Valine,1.6,7.0,CC(C)[C@H](N)C(=O)O,Training,doi.org/10.1016/j.watres.2012.06.006,train,1.6
377,maleic acid,3.073064018,,O=C(O)/C=C\C(=O)O,Training,doi.org/10.1016/j.watres.2012.06.006,train,3.073064018
378,maleimide,3.62324929,7.0,O=C1C=CC(=O)[N-]1.O=C1C=CC(=O)[N-]1.[Ag+].[K+],Training,10.1039/C9EW01078E,train,3.62324929
379,Malonic acid diethylester,-1.22184875,2.0,CCOC(=O)CC(=O)OCC,Training,10.1016/0043-1354(83)90098-2,train,-1.22184875
380,MCLR,5.612783857,,C=C1C(=O)N[C@H](C)C(=O)N[C@@H](CC(C)C)C(=O)N[C@@H](C(=O)O)[C@H](C)C(=O)N[C@@H](CCCN=C(N)N)C(=O)N[C@@H](/C=C/C(C)=C/[C@H](C)[C@H](Cc2ccccc2)OC)[C@H](C)C(=O)N[C@@H](C(=O)O)CCC(=O)N1C,Training,10.1080/10934521003648933,train,5.612783857
381,MCLR,4.831869774,2.0,C=C1C(=O)N[C@H](C)C(=O)N[C@@H](CC(C)C)C(=O)N[C@@H](C(=O)O)[C@H](C)C(=O)N[C@@H](CCCN=C(N)N)C(=O)N[C@@H](/C=C/C(C)=C/[C@H](C)[C@H](Cc2ccccc2)OC)[C@H](C)C(=O)N[C@@H](C(=O)O)CCC(=O)N1C,Training,10.1080/10934521003648933,train,4.831869774
382,MCLR,5.929418926,7.2,C=C1C(=O)N[C@H](C)C(=O)N[C@@H](CC(C)C)C(=O)N[C@@H](C(=O)O)[C@H](C)C(=O)N[C@@H](CCCN=C(N)N)C(=O)N[C@@H](/C=C/C(C)=C/[C@H](C)[C@H](Cc2ccccc2)OC)[C@H](C)C(=O)N[C@@H](C(=O)O)CCC(=O)N1C,Training,10.1080/10934521003648933,train,5.929418926
383,MCLR,5.612783857,7.0,C=C1C(=O)N[C@H](C)C(=O)N[C@@H](CC(C)C)C(=O)N[C@@H](C(=O)O)[C@H](C)C(=O)N[C@@H](CCCN=C(N)N)C(=O)N[C@@H](/C=C/C(C)=C/[C@H](C)[C@H](Cc2ccccc2)OC)[C@H](C)C(=O)N[C@@H](C(=O)O)CCC(=O)N1C,Training,10.1080/10934521003648933,train,5.612783857
384,m-Cresol purple,0.1555,,Cc1cc(O)ccc1C1(c2ccc(O)cc2C)OS(=O)(=O)c2ccccc21,Training,10.1016/j.chemosphere.2014.05.068,train,0.1555
385,m-Dichlorobenzene,-0.244125144,2.0,Clc1cccc(Cl)c1,Training,10.1016/0043-1354(91)90155-J,train,-0.244125144
386,mecoprop,2.05,7.0,Cc1cc(Cl)ccc1OC(C)C(=O)O,Training,10.1080/01919519208552274,train,2.05
387,mecoprop,1.088029718,2.0,Cc1cc(Cl)ccc1OC(C)C(=O)O,Training,10.1080/01919519208552274,train,1.088029718
388,medroxyprogesterone,2.73,7.1,CC(=O)[C@@]1(O)CC[C@H]2[C@@H]3C[C@H](C)C4=CC(=O)CC[C@]4(C)[C@H]3CC[C@@]21C,Training,10.1016/j.scitotenv.2020.136816,train,2.73
389,medroxyprogesterone,2.746634199,8.1,CC(=O)[C@@]1(O)CC[C@H]2[C@@H]3C[C@H](C)C4=CC(=O)CC[C@]4(C)[C@H]3CC[C@@]21C,Training,10.1016/j.scitotenv.2020.136816,train,2.746634199
390,Metanil Yellow,0.606,,O=S(=O)([O-])c1cccc(N=Nc2ccc(Nc3ccccc3)cc2)c1.[Na+],Training,10.1016/j.cej.2014.05.073,train,0.606
391,meta-phenylphenol,2.767155866,,Oc1cccc(-c2ccccc2)c1,Training,10.2478/s11696-013-0325-9,train,2.767155866
392,metformin,0.08,7.0,CN(C)C(=N)N=C(N)N,Training,10.1016/j.scitotenv.2020.136816,train,0.08
393,methacrylic acid,1.358210367,,C=C(C)C(=O)O,Training,doi.org/10.1016/j.watres.2012.06.006,train,1.358210367
394,methacrylic acid (anion),6.568201724,,C=C(C)C(=O)[O-],Training,doi.org/10.1016/j.watres.2012.06.006,train,6.568201724
395,methanol,-1.619788758,,CO,Training,doi.org/10.1016/j.watres.2012.06.006,train,-1.619788758
396,methicillin,4.59,7.0,COc1cccc(OC)c1C(=O)NC1C(=O)N2C1SC(C)(C)C2C(=O)[O-].[Na+],Training,10.1016/j.scitotenv.2020.136816,train,4.59
397,Methoxychlor,2.431363764,,COc1ccc(C(c2ccc(OC)cc2)C(Cl)(Cl)Cl)cc1,Training,10.1016/j.scitotenv.2020.136816,train,2.431363764
398,Methyl benzoate,0.041392685,2.0,COC(=O)c1ccccc1,Training,doi.org/10.1016/j.watres.2012.06.006,train,0.041392685
399,Methyl benzoate,0.041392685,,COC(=O)c1ccccc1,Training,doi.org/10.1016/j.watres.2012.06.006,train,0.041392685
400,Methyl methacrylate,-1.48148606,,C=C(C)C(=O)OC,Training,10.1007/s10975-005-0142-4,train,-1.48148606
401,methyl nitroacetate,2.174641193,7.0,COC(=O)C[N+](=O)[O-],Training,10.1016/j.watres.2017.05.074,train,2.174641193
402,Methyl orange,0.739,,CN(C)c1ccc(N=Nc2ccc(S(=O)(=O)[O-])cc2)cc1,Training,10.1016/j.chemosphere.2014.05.068,train,0.739
403,Methyl red,1.4255,,CN(C)c1ccc(N=Nc2ccccc2C(=O)O)cc1,Training,10.1016/j.chemosphere.2014.05.068,train,1.4255
404,Methylamine,5.176091259,7.5,CN,Training,10.1016/j.watres.2012.11.033,train,5.176091259
405,methylchloramine,2.908485019,,CNCl,Training,doi.org/10.1016/j.watres.2012.06.006,train,2.908485019
406,Methylene blue trihydrate,0.907,,CN(C)c1ccc2nc3ccc(N(C)C)cc3[s+]c2c1.O.O.O.[Cl-],Training,10.1016/j.chemosphere.2014.05.068,train,0.907
407,Methylene Blue Trihydrate,0.876,,CC(=O)[O-].O.O.O.[Na+],Training,10.1016/j.cej.2014.05.073,train,0.876
408,Methylisothiazolone,2.041392685,,CC1=NS(=O)C=C1,Training,10.1016/j.jenvman.2016.08.057,train,2.041392685
409,methylparaben,6.34,7.0,COC(=O)c1ccc(O)cc1,Training,10.1016/j.chemosphere.2010.09.004,train,6.34
410,methylparaben,5.397940009,6.0,COC(=O)c1ccc(O)cc1,Training,10.1016/j.chemosphere.2010.09.004,train,5.397940009
411,methylparaben,2.51851394,2.0,COC(=O)c1ccc(O)cc1,Training,10.1016/j.chemosphere.2010.09.004,train,2.51851394
412,methyl-t-butylether,-0.63638802,,COC(C)(C)C,Training,doi.org/10.1016/j.watres.2012.06.006,train,-0.63638802
413,methyl-t-butylether,1.43,7.2,COC(C)(C)C,Training,doi.org/10.1016/j.watres.2012.06.006,train,1.43
414,metolachlor,0.045322979,,CCc1cccc(C)c1N(C(=O)CCl)C(C)COC,Training,10.1021/ie030229y,train,0.045322979
415,Metoprolol,2.436162647,5.0,COCCc1ccc(OCC(O)CNC(C)C)cc1,Training,10.1016/j.chemosphere.2008.08.033,train,2.436162647
416,Metoprolol,3.267843605,7.0,COCCc1ccc(OCC(O)CNC(C)C)cc1,Training,10.1016/j.chemosphere.2008.08.033,train,3.267843605
417,Metoprolol,2.378397901,2.5,COCCc1ccc(OCC(O)CNC(C)C)cc1,Training,10.1016/j.chemosphere.2008.08.033,train,2.378397901
418,Metoprolol,3.267843605,,COCCc1ccc(OCC(O)CNC(C)C)cc1,Training,10.1016/j.chemosphere.2008.08.033,train,3.267843605
419,metronidazole,2.4,7.0,Cc1ncc([N+](=O)[O-])n1CCO,Training,10.1016/j.scitotenv.2020.136816,train,2.4
420,Morpholine,4.930217009,12.0,C1COCCN1,Training,10.1016/j.scitotenv.2020.136816,train,4.930217009
421,Morpholine,3.46,7.0,C1COCCN1,Training,10.1016/j.scitotenv.2020.136816,train,3.46
422,muconic acid,4.204119983,,O=C(O)/C=C/C=C/C(=O)O,Training,doi.org/10.1016/j.watres.2012.06.006,train,4.204119983
423,muconic acid,5.148064018,7.0,O=C(O)/C=C/C=C/C(=O)O,Training,doi.org/10.1016/j.watres.2012.06.006,train,5.148064018
424,muconic acid,4.204119983,3.0,O=C(O)/C=C/C=C/C(=O)O,Training,doi.org/10.1016/j.watres.2012.06.006,train,4.204119983
425,m-xylene,1.973127854,,Cc1cccc(C)c1,Training,10.1016/0043-1354(83)90098-2,train,1.973127854
426,m-xylene,1.973127854,2.0,Cc1cccc(C)c1,Training,10.1016/0043-1354(83)90098-2,train,1.973127854
427,N(4)-acetyl sulfamethoxazole,2.4,7.0,CC(=O)Nc1ccc(S(=O)(=O)Nc2cc(C)on2)cc1,Training,10.1016/j.scitotenv.2020.136816,train,2.4
428,N(4)-acetyl sulfamethoxazole,2.397940009,,CC(=O)Nc1ccc(S(=O)(=O)Nc2cc(C)on2)cc1,Training,10.1016/j.scitotenv.2020.136816,train,2.397940009
429,"N,N-diethyl-m-toluamide",-0.910094889,,CCN(CC)C(=O)c1cccc(C)c1,Training,doi.org/10.1016/j.watres.2012.06.006,train,-0.910094889
430,"N,N-diethyl-m-toluamide",-0.9,7.0,CCN(CC)C(=O)c1cccc(C)c1,Training,doi.org/10.1016/j.watres.2012.06.006,train,-0.9
431,"N,N-dimethylacetamide",-0.15,7.0,CC(=O)N(C)C,Training,10.1016/j.scitotenv.2020.136816,train,-0.15
432,"N,N-dimethylcyclohexylamine",6.568201724,,CN(C)C1CCCCC1,Training,doi.org/10.1016/j.watres.2012.06.006,train,6.568201724
433,N-acetyl-L-serine,1.15,6.8,CC(=O)N[C@@H](CO)C(=O)O,Training,10.1016/j.scitotenv.2020.136816,train,1.15
434,naphthalene,3.326606257,,c1ccc2ccccc2c1,Training,10.1016/j.scitotenv.2020.136816,train,3.326606257
435,naphthalene,3.477121255,2.0,c1ccc2ccccc2c1,Training,10.1016/j.scitotenv.2020.136816,train,3.477121255
436,"naphthalene-1,3,6-trisulfonic acid",0.826074803,,O=S(=O)(O)c1ccc2c(S(=O)(=O)O)cc(S(=O)(=O)O)cc2c1,Training,doi.org/10.1016/j.watres.2012.06.006,train,0.826074803
437,"naphthalene-1,5-disulfonic acid",1.372912003,,O=S(=O)(O)c1cccc2c(S(=O)(=O)O)cccc12,Training,doi.org/10.1016/j.watres.2012.06.006,train,1.372912003
438,Naphthalene-1-sulfonic acid,2.048441804,,O=S(=O)(O)c1cccc2ccccc12,Training,doi.org/10.1016/j.watres.2012.06.006,train,2.048441804
439,naproxen,5.332874761,7.0,COc1ccc2cc(C(C)C(=O)O)ccc2c1,Training,doi.org/10.1016/j.watres.2012.06.006,train,5.332874761
440,naproxen,5.332874761,,COc1ccc2cc(C(C)C(=O)O)ccc2c1,Training,doi.org/10.1016/j.watres.2012.06.006,train,5.332874761
441,naproxen,4.414973348,2.5,COc1ccc2cc(C(C)C(=O)O)ccc2c1,Training,doi.org/10.1016/j.watres.2012.06.006,train,4.414973348
442,naproxen,4.924279286,5.0,COc1ccc2cc(C(C)C(=O)O)ccc2c1,Training,doi.org/10.1016/j.watres.2012.06.006,train,4.924279286
443,n-Butanol,-0.338270817,,CCCCO,Training,10.1016/0043-1354(83)90098-2,train,-0.338270817
444,n-butylamine,5.130448921,,CCCCN,Training,10.1080/01919519908547257,train,5.130448921
445,N-Hydroxypiperidine,4.886234202,12.0,ON1CCCCC1,Training,10.1016/j.watres.2015.11.027,train,4.886234202
446,nitrilotriacetic acid,5.99,7.0,O=C(O)CN(CC(=O)O)CC(=O)O,Training,doi.org/10.1016/j.watres.2012.06.006,train,5.99
447,nitrilotriacetic acid,5.991226076,,O=C(O)CN(CC(=O)O)CC(=O)O,Training,doi.org/10.1016/j.watres.2012.06.006,train,5.991226076
448,nitrite ion,5.568201724,,O=N[O-],Training,10.1080/01919512.1995.10555774,train,5.568201724
449,Nitrobenzene,-0.579538391,,O=[N+]([O-])c1ccccc1,Training,10.1016/j.chemosphere.2014.05.068,train,-0.579538391
450,Nitrobenzene,-0.579538391,2.0,O=[N+]([O-])c1ccccc1,Training,10.1016/j.chemosphere.2014.05.068,train,-0.579538391
451,Nitrosodimethylamine,1.0,5.0,CN(C)N=O,Training,doi.org/10.1016/j.watres.2012.06.006,train,1.0
452,Nitrosodimethylamine,0.238667781,,CN(C)N=O,Training,doi.org/10.1016/j.watres.2012.06.006,train,0.238667781
453,N-Methylaniline,6.146128036,,CNc1ccccc1,Training,doi.org/10.1016/j.watres.2012.06.006,train,6.146128036
454,N-nitrosodiethylamine ,-1.096910013,,CCN(CC)N=O,Training,10.1039/c9ra04127c,train,-1.096910013
455,n-Octanal,0.903089987,3.4,CCCCCCCC=O,Training,doi.org/10.1016/j.watres.2012.06.006,train,0.903089987
456,n-Octanal,0.903089987,,CCCCCCCC=O,Training,doi.org/10.1016/j.watres.2012.06.006,train,0.903089987
457,nonylphenol,5.447130332,,CCCCCCCCCc1ccccc1O,Training,10.2166/wst.2015.011,train,5.447130332
458,norethindrone,3.345373731,8.1,C#C[C@]1(O)CC[C@H]2[C@@H]3CCC4=CC(=O)CC[C@@H]4[C@H]3CC[C@@]21C,Training,10.1016/j.watres.2009.07.031,train,3.345373731
459,norfloxacin,5.51,7.0,CCn1cc(C(=O)O)c(=O)c2cc(F)c(N3CCNCC3)cc21,Training,10.1016/j.scitotenv.2020.136816,train,5.51
460,nortriptyline,4.477843875,,CNCCC=C1c2ccccc2CCc2ccccc21,Training,10.1016/j.scitotenv.2020.136816,train,4.477843875
461,nortriptyline,3.44,7.0,CNCCC=C1c2ccccc2CCc2ccccc21,Training,10.1016/j.scitotenv.2020.136816,train,3.44
462,n-Propylacetate,-1.522878745,2.0,CCCOC(C)=O,Training,10.1016/0043-1354(83)90098-2,train,-1.522878745
463,octinoxate,4.720159303,,CCCCC(CC)COC(=O)/C=C/c1ccc(OC)cc1,Training,10.1016/j.jhazmat.2017.05.016,train,4.720159303
464,octocrylene,2.198657087,,CCCCC(CC)COC(=O)C(C#N)=C(c1ccccc1)c1ccccc1,Training,10.1016/j.jhazmat.2017.05.016,train,2.198657087
465,ofloxacin,6.300514998,7.0,CC1COc2c(N3CCN(C)CC3)c(F)cc3c(=O)c(C(=O)O)cn1c23,Training,10.1016/j.jhazmat.2017.08.067,train,6.300514998
466,o-Hydroxyaniline,5.568201724,,Nc1ccccc1O,Training,10.1021/acs.iecr.9b00337,train,5.568201724
467,o-Nitroaniline,-0.5385,,Nc1ccccc1[N+](=O)[O-],Training,10.1016/j.chemosphere.2014.05.068,train,-0.5385
468,o-phenylphenol ,2.61203074,2.0,Oc1ccccc1-c1ccccc1,Training,doi.org/10.1016/j.watres.2012.06.006,train,2.61203074
469,Orange G,-0.3095,,O=C1C=Cc2cc(S(=O)(=O)[O-])cc(S(=O)(=O)[O-])c2/C1=N/Nc1ccccc1.[Na+].[Na+],Training,10.1016/j.chemosphere.2014.05.068,train,-0.3095
470,oseltamivir acid,5.230448921,,CCC(CC)O[C@@H]1C=C(C(=O)O)C[C@H](N)[C@H]1NC(C)=O,Training,doi.org/10.1016/j.watres.2012.06.006,train,5.230448921
471,oxalic acid,-1.397940009,,O=C(O)C(=O)O,Training,10.1016/j.cej.2018.10.191,train,-1.397940009
472,Oxamyl,2.792391689,,CNC(=O)O/N=C(\SC)C(=O)N(C)C,Training,10.1016/0043-1354(91)90155-J,train,2.792391689
473,Oxamyl,2.792391689,4.5,CNC(=O)O/N=C(\SC)C(=O)N(C)C,Training,10.1016/0043-1354(91)90155-J,train,2.792391689
474,Oxazepam,0.0,,O=C1Nc2ccc(Cl)cc2C(c2ccccc2)=NC1O,Training,doi.org/10.1016/j.watres.2012.06.006,train,0.0
475,o-xylene,1.954242509,,Cc1ccccc1C,Training,10.1016/0043-1354(83)90098-2,train,1.954242509
476,oxytetracycline hydrochloride,6.839232727,7.0,CN(C)[C@@H]1C(=O)/C(=C(\N)O)C(=O)[C@@]2(O)C(=O)[C-]3C(=O)c4c([O-])cccc4[C@@](C)(O)[C@H]3[C@H](O)[C@@H]12.O.O.[Na+].[Na+],Training,doi.org/10.1016/j.watres.2012.06.006,train,6.839232727
477,oxytetracycline hydrochloride,2.738780558,,CN(C)[C@@H]1C(=O)/C(=C(\N)O)C(=O)[C@@]2(O)C(=O)[C-]3C(=O)c4c([O-])cccc4[C@@](C)(O)[C@H]3[C@H](O)[C@@H]12.O.O.[Na+].[Na+],Training,doi.org/10.1016/j.watres.2012.06.006,train,2.738780558
478,p-Aminobenzene sulfonic acid,-0.345,,Nc1ccc(S(=O)(=O)O)cc1,Training,10.1016/j.chemosphere.2014.05.068,train,-0.345
479,p-Aminobenzoic acid,5.929418926,,Nc1ccc(C(=O)O)cc1,Training,doi.org/10.1016/j.watres.2012.06.006,train,5.929418926
480,p-chlorobenzoic acid,0.653212514,,O=C(O)c1ccc(Cl)cc1,Training,doi.org/10.1016/j.watres.2012.06.006,train,0.653212514
481,p-Chloronitrobenzene ,0.204119983,,O=[N+]([O-])c1ccc(Cl)cc1,Training,10.1016/j.jhazmat.2007.08.009,train,0.204119983
482,p-coumaric,6.61,7.0,O=C(O)/C=C/c1ccc(O)cc1,Training,10.1016/j.scitotenv.2020.136816,train,6.61
483,p-Dimethylaminobenzaldehyde,0.629,,CN(C)c1ccc(C=O)cc1,Training,10.1016/j.chemosphere.2014.05.068,train,0.629
484,Penicillin G,3.680620619,7.0,CC1(C)S[C@@H]2[C@H](NC(=O)Cc3ccccc3)C(=O)N2[C@H]1C(=O)O,Training,10.1016/j.chemosphere.2008.08.033,train,3.680620619
485,pentabromo phenolate,6.230448921,,[O-]c1c(Br)c(Br)c(Br)c(Br)c1Br,Training,doi.org/10.1016/j.watres.2012.06.006,train,6.230448921
486,pentachlorophenol,7.385606274,5.25,Oc1c(Cl)c(Cl)c(Cl)c(Cl)c1Cl,Training,10.1080/01919519808547284,train,7.385606274
487,pentachlorophenol,7.44,7.0,Oc1c(Cl)c(Cl)c(Cl)c(Cl)c1Cl,Training,10.1080/01919519808547284,train,7.44
488,pentachlorophenol,7.5774918,,Oc1c(Cl)c(Cl)c(Cl)c(Cl)c1Cl,Training,10.1080/01919519808547284,train,7.5774918
489,pentachlorophenol,6.603144373,4.0,Oc1c(Cl)c(Cl)c(Cl)c(Cl)c1Cl,Training,10.1080/01919519808547284,train,6.603144373
490,pentachlorophenol,7.396199347,7.0,Oc1c(Cl)c(Cl)c(Cl)c(Cl)c1Cl,Training,10.1080/01919519808547284,train,7.396199347
491,pentachlorophenolate,6.079181246,,[O-]c1c(Cl)c(Cl)c(Cl)c(Cl)c1Cl,Training,doi.org/10.1016/j.watres.2012.06.006,train,6.079181246
492,Phenacetin,3.204119983,9.0,CCOc1ccc(NC(C)=O)cc1,Training,10.1016/j.chemosphere.2009.05.035,train,3.204119983
493,Phenacetin,2.33243846,2.5,CCOc1ccc(NC(C)=O)cc1,Training,10.1016/j.chemosphere.2009.05.035,train,2.33243846
494,Phenacetin,3.202059991,7.0,CCOc1ccc(NC(C)=O)cc1,Training,10.1016/j.chemosphere.2009.05.035,train,3.202059991
495,phenanthrene,3.880105621,7.0,c1ccc2c(c1)ccc1ccccc12,Training,10.1016/j.scitotenv.2020.136816,train,3.880105621
496,phenanthrydine,0.50242712,3.0,c1ccc2c(c1)cnc1ccccc12,Training,10.1080/01919510208901618,train,0.50242712
497,phenazine,2.298853076,3.0,c1ccc2nc3ccccc3nc2c1,Training,10.1080/01919510208901618,train,2.298853076
498,phenol,3.537883338,,Oc1ccccc1,Training,10.1016/j.cej.2014.05.073,train,3.537883338
499,phenol,3.537883338,7.0,Oc1ccccc1,Training,10.1016/j.cej.2014.05.073,train,3.537883338
500,phenol,3.113943352,10.15,Oc1ccccc1,Training,10.1016/j.cej.2014.05.073,train,3.113943352
501,phenolate,9.146128036,,[O-]c1ccccc1,Training,doi.org/10.1016/j.watres.2012.06.006,train,9.146128036
502,Phenytoin,0.8,,O=C1NC(=O)C(c2ccccc2)(c2ccccc2)N1,Training,doi.org/10.1016/j.watres.2012.06.006,train,0.8
503,p-Hydroxyaniline,5.892094603,,Nc1ccc(O)cc1,Training,doi.org/10.1016/j.watres.2012.06.006,train,5.892094603
504,p-hydroxybenzoic acid ,6.187773481,7.0,O=C(O)c1ccc(O)cc1,Training,10.1016/j.scitotenv.2020.136816,train,6.187773481
505,Picloram,2.0,,Nc1c(Cl)c(Cl)nc(C(=O)O)c1Cl,Training,doi.org/10.1016/j.watres.2012.06.006,train,2.0
506,piperazine,3.6,7.0,C1CNCCN1,Training,10.1016/j.scitotenv.2020.136816,train,3.6
507,piperazine,4.613284995,12.0,C1CNCCN1,Training,10.1016/j.scitotenv.2020.136816,train,4.613284995
508,piperidine,5.329579092,12.0,C1CCNCC1,Training,10.1016/j.scitotenv.2020.136816,train,5.329579092
509,p-Methoxyaniline,6.041392685,,COc1ccc(N)cc1,Training,doi.org/10.1016/j.watres.2012.06.006,train,6.041392685
510,p-Phenylenediamine,6.113943352,,Nc1ccc(N)cc1,Training,doi.org/10.1016/j.watres.2012.06.006,train,6.113943352
511,p-Phthalic acid,-0.079,,O=C(O)c1ccc(C(=O)O)cc1,Training,10.1016/j.chemosphere.2014.05.068,train,-0.079
512,Primidone,0.0,,CCC1(c2ccccc2)C(=O)NCNC1=O,Training,doi.org/10.1016/j.watres.2012.06.006,train,0.0
513,progesterone,2.681241237,,CC(=O)[C@H]1CC[C@H]2[C@@H]3CCC4=CC(=O)CC[C@]4(C)[C@H]3CC[C@]12C,Training,10.1016/j.scitotenv.2020.136816,train,2.681241237
514,progesterone,2.778874472,8.1,CC(=O)[C@H]1CC[C@H]2[C@@H]3CCC4=CC(=O)CC[C@]4(C)[C@H]3CC[C@]12C,Training,10.1016/j.scitotenv.2020.136816,train,2.778874472
515,proline,2.68,7.0,O=C(O)[C@@H]1CCCN1,Training,10.1016/j.scitotenv.2020.136816,train,2.68
516,propachlor,0.093421685,,CC(C)N(C(=O)CCl)c1ccccc1,Training,10.1021/ie030229y,train,0.093421685
517,Propanal,0.397940009,2.0,CCC=O,Training,10.1016/0043-1354(83)90098-2,train,0.397940009
518,propene,5.903089987,,C=CC,Training,doi.org/10.1016/j.watres.2012.06.006,train,5.903089987
519,propionic acid,-2.698970004,,CCC(=O)O,Training,doi.org/10.1016/j.watres.2012.06.006,train,-2.698970004
520,propoxur,5.36,7.0,CNC(=O)Oc1ccccc1OC(C)C,Training,10.1016/j.scitotenv.2020.136816,train,5.36
521,Propranolol,5.0,7.0,CC(C)NCC(O)COc1cccc2ccccc12,Training,doi.org/10.1016/j.watres.2012.06.006,train,5.0
522,Propranolol,5.0,,CC(C)NCC(O)COc1cccc2ccccc12,Training,doi.org/10.1016/j.watres.2012.06.006,train,5.0
523,propylparaben,9.096910013,12.0,CCCOC(=O)c1ccc(O)cc1,Training,10.1016/j.scitotenv.2020.136816,train,9.096910013
524,propylparaben,2.591064607,2.0,CCCOC(=O)c1ccc(O)cc1,Training,10.1016/j.scitotenv.2020.136816,train,2.591064607
525,Propylphenazone ,3.411619706,8.0,CCCC1C=Cc2nc3ccccc3nc2C1=O,Training,10.1002/ep.12306,train,3.411619706
526,p-xylene,2.146128036,,Cc1ccc(C)cc1,Training,10.1016/0043-1354(83)90098-2,train,2.146128036
527,p-xylene,2.146128036,2.0,Cc1ccc(C)cc1,Training,10.1016/0043-1354(83)90098-2,train,2.146128036
528,Pyrazole,1.748188027,7.0,c1cn[nH]c1,Training,10.1039/C9EW01078E,train,1.748188027
529,Pyridine,0.397940009,5.0,c1ccncc1,Training,10.1016/j.watres.2012.11.033,train,0.397940009
530,Pyridine,0.477121255,,c1ccncc1,Training,10.1016/j.watres.2012.11.033,train,0.477121255
531,Pyridine,-2.0,0.48,c1ccncc1,Training,10.1016/j.watres.2012.11.033,train,-2.0
532,pyrrole,6.146128036,4.0,c1cc[nH]c1,Training,10.1039/C9EW01078E,train,6.146128036
533,pyrrole,5.934498451,7.0,c1cc[nH]c1,Training,10.1039/C9EW01078E,train,5.934498451
534,pyrrolidine,1.37,7.0,C1CCNC1,Training,10.1016/j.scitotenv.2020.136816,train,1.37
535,reactive orange 16,5.397940009,2.0,CC(=O)Nc1ccc2c(c1)C(=O)/C(=N/Nc1ccc(S(=O)(=O)CCOS(=O)(=O)[O-])cc1)C(S(=O)(=O)[O-])=C2.[Na+].[Na+],Training,10.1016/j.cej.2011.08.014,train,5.397940009
536,reactive orange 16,5.507574989,7.0,CC(=O)Nc1ccc2c(c1)C(=O)/C(=N/Nc1ccc(S(=O)(=O)CCOS(=O)(=O)[O-])cc1)C(S(=O)(=O)[O-])=C2.[Na+].[Na+],Training,10.1016/j.cej.2011.08.014,train,5.507574989
537,reactive orange 16,6.146128036,11.0,CC(=O)Nc1ccc2c(c1)C(=O)/C(=N/Nc1ccc(S(=O)(=O)CCOS(=O)(=O)[O-])cc1)C(S(=O)(=O)[O-])=C2.[Na+].[Na+],Training,10.1016/j.cej.2011.08.014,train,6.146128036
538,ronidazole,1.94,7.0,Cn1c([N+](=O)[O-])cnc1COC(N)=O,Training,10.1016/j.scitotenv.2020.136816,train,1.94
539,roxithromycin,4.799340549,7.0,CC[C@H]1OC(=O)[C@H](C)[C@@H](OC2CC(C)(OC)C(O)C(C)O2)[C@H](C)[C@@H](OC2OC(C)CC(N(C)C)C2O)[C@](C)(O)C[C@@H](C)/C(=N\OCOCCOC)[C@H](C)[C@@H](O)[C@]1(C)O,Training,10.1016/j.chemosphere.2008.08.033,train,4.799340549
540,roxithromycin,5.706812288,,CC[C@H]1OC(=O)[C@H](C)[C@@H](OC2CC(C)(OC)C(O)C(C)O2)[C@H](C)[C@@H](OC2OC(C)CC(N(C)C)C2O)[C@](C)(O)C[C@@H](C)/C(=N\OCOCCOC)[C@H](C)[C@@H](O)[C@]1(C)O,Training,10.1016/j.chemosphere.2008.08.033,train,5.706812288
541,sec-butylamine,4.716003344,,CCC(C)N,Training,doi.org/10.1016/j.watres.2012.06.006,train,4.716003344
542,serine,5.113943352,,N[C@@H](CO)C(=O)O,Training,doi.org/10.1016/j.watres.2012.06.006,train,5.113943352
543,sodium dodecylbenzenesulfonate,0.565847819,,CCCCCCCCCCCCOS(=O)(=O)c1ccccc1.[Na],Training,10.1021/ie990721a,train,0.565847819
544,sorbic acid (protonated),5.505149978,,C/C=C/C=C/C(=O)O,Training,doi.org/10.1016/j.watres.2012.06.006,train,5.505149978
545,Spectinomycin,5.631971676,7.0,CN[C@H]1[C@@H](O)[C@@H](NC)[C@H](O)[C@H]2O[C@@H]3O[C@H](C)CC(=O)[C@]3(O)O[C@H]12.O.O.O.O.O.[Cl-].[Cl-].[H+].[H+],Training,10.1016/j.chemosphere.2008.08.033,train,5.631971676
546,Styrene,5.477121255,,C=Cc1ccccc1,Training,10.1080/01919519108552279,train,5.477121255
547,succinic acid,-2.522878745,,O=C(O)CCC(=O)O,Training,doi.org/10.1016/j.watres.2012.06.006,train,-2.522878745
548,sulfadimethoxine,6.430681882,7.0,COc1cc(NS(=O)(=O)c2ccc(N)cc2)nc(OC)n1,Training,10.1016/j.scitotenv.2020.136816,train,6.430681882
549,sulfamethazine,6.461198999,7.0,Cc1cc(C)nc(NS(=O)(=O)c2ccc(N)cc2)n1,Training,10.1016/j.scitotenv.2020.136816,train,6.461198999
550,sulfamethoxazole,5.932348843,7.0,Cc1cc(NS(=O)(=O)c2ccc(N)cc2)no1,Training,doi.org/10.1016/j.watres.2012.06.006,train,5.932348843
551,sulfamethoxazole,5.932348843,8.0,Cc1cc(NS(=O)(=O)c2ccc(N)cc2)no1,Training,doi.org/10.1016/j.watres.2012.06.006,train,5.932348843
552,Sulfapyridine,5.301029996,,Nc1ccc(S(=O)(=O)Nc2ccccn2)cc1,Training,doi.org/10.1016/j.watres.2012.06.006,train,5.301029996
553,sulfathiazole,5.90579588,8.0,Nc1ccc(S(=O)(=O)Nc2nccs2)cc1,Training,10.1061/(ASCE)EE.1943-7870.0000404,train,5.90579588
554,sulfathiazole,6.792391689,7.0,Nc1ccc(S(=O)(=O)Nc2nccs2)cc1,Training,10.1061/(ASCE)EE.1943-7870.0000404,train,6.792391689
555,Tamoxifen,6.237997418,,CC/C(=C(\c1ccccc1)c1ccc(OCCN(C)C)cc1)c1ccccc1,Training,10.1021/acs.est.8b00996,train,6.237997418
556,tert-Butanol,-0.337242168,5.2,CC(C)(C)O,Training,doi.org/10.1016/j.watres.2012.06.006,train,-0.337242168
557,tert-Butanol,-0.346787486,2.2,CC(C)(C)O,Training,doi.org/10.1016/j.watres.2012.06.006,train,-0.346787486
558,tert-Butanol,-3.0,2.3,CC(C)(C)O,Training,doi.org/10.1016/j.watres.2012.06.006,train,-3.0
559,tert-butylamine,4.653212514,,CC(C)(C)N,Training,doi.org/10.1016/j.watres.2012.06.006,train,4.653212514
560,tetrachlorocatechol ,4.733277534,3.0,Oc1c(O)c(Cl)c(Cl)c(Cl)c1Cl,Training,10.1016/S0304-3894(00)00269-7,train,4.733277534
561,tetrachlorocatechol ,4.409375111,2.0,Oc1c(O)c(Cl)c(Cl)c(Cl)c1Cl,Training,10.1016/S0304-3894(00)00269-7,train,4.409375111
562,Tetracycline,5.875061263,9.0,CN(C)[C@@H]1C(=O)/C(=C(\N)O)C(=O)[C@@]2(O)C(=O)C3=C(O)c4c(O)cccc4[C@@](C)(O)[C@H]3C[C@@H]12,Training,10.1016/j.scitotenv.2013.08.032,train,5.875061263
563,Tetracycline,6.635301438,7.0,CN(C)[C@@H]1C(=O)/C(=C(\N)O)C(=O)[C@@]2(O)C(=O)C3=C(O)c4c(O)cccc4[C@@](C)(O)[C@H]3C[C@@H]12,Training,10.1016/j.scitotenv.2013.08.032,train,6.635301438
564,tetracycline hydrochloride,6.99,7.0,CN(C)[C@@H]1C(=O)/C(=C(\N)O)C(=O)[C@@]2(O)C(=O)C3=C(O)c4c(O)cccc4[C@@](C)(O)[C@H]3C[C@@H]12.[Cl-].[H+],Training,10.1016/j.scitotenv.2020.136816,train,6.99
565,tetrahydrofuran,0.89,7.0,C1CCOC1,Training,10.1016/j.scitotenv.2020.136816,train,0.89
566,thiamethoxam,1.187520721,7.0,CN1COCN(Cc2cnc(Cl)s2)/C1=N/[N+](=O)[O-],Training,10.1016/j.jhazmat.2020.122180,train,1.187520721
567,tolune,1.146128036,,Cc1ccccc1,Training,10.1016/0043-1354(83)90098-2,train,1.146128036
568,toremifene,5.792955187,,CN(C)CCOc1ccc(/C(=C(/CCCl)c2ccccc2)c2ccccc2)cc1,Training,10.1021/acs.est.8b00996,train,5.792955187
569,tramadol,3.854268788,7.0,COc1cccc([C@@]2(O)CCCC[C@@H]2CN(C)C)c1,Training,doi.org/10.1016/j.watres.2012.06.006,train,3.854268788
570,tramadol,3.602059991,,COc1cccc([C@@]2(O)CCCC[C@@H]2CN(C)C)c1,Training,doi.org/10.1016/j.watres.2012.06.006,train,3.602059991
571,"trans-1,2-dichloroethene",1.694569537,,Cl/C=C/Cl,Training,10.1016/0043-1354(83)90098-2,train,1.694569537
572,"trans-1,2-dichloroethene",3.755874856,2.0,Cl/C=C/Cl,Training,10.1016/0043-1354(83)90098-2,train,3.755874856
573,"trans-cis-2,6-nonadienal",5.939519253,,CC/C=C\CC/C=C/C=O,Training,doi.org/10.1016/j.watres.2012.06.006,train,5.939519253
574,trichloroethene,0.360520377,,ClC=C(Cl)Cl,Training,10.1016/0043-1354(91)90155-J,train,0.360520377
575,trichloroethene,1.23,7.0,ClC=C(Cl)Cl,Training,10.1016/0043-1354(91)90155-J,train,1.23
576,triclocarban,3.699485002,7.0,O=C(Nc1ccc(Cl)cc1)Nc1ccc(Cl)c(Cl)c1,Training,10.1016/j.scitotenv.2020.136816,train,3.699485002
577,triclosan,7.38495808,7.0,Oc1cc(Cl)ccc1Oc1ccc(Cl)cc1Cl,Training,10.1021/es803588k,train,7.38495808
578,triclosan,7.38495808,,Oc1cc(Cl)ccc1Oc1ccc(Cl)cc1Cl,Training,10.1021/es803588k,train,7.38495808
579,triclosan (phenolate),8.707570176,,[O-]c1cc(Cl)ccc1Oc1ccc(Cl)cc1Cl,Training,doi.org/10.1016/j.watres.2012.06.006,train,8.707570176
580,triethylamine,6.467502,,CCN(CC)CC,Training,10.1016/j.watres.2019.03.089,train,6.467502
581,Triflurali,2.534486809,7.0,CCCN(CCC)c1c([N+](=O)[O-])cc(C(F)(F)F)cc1[N+](=O)[O-],Training,10.1016/j.scitotenv.2020.136816,train,2.534486809
582,Triflurali,2.534486809,2.0,CCCN(CCC)c1c([N+](=O)[O-])cc(C(F)(F)F)cc1[N+](=O)[O-],Training,10.1016/j.scitotenv.2020.136816,train,2.534486809
583,Trimethoprim,5.497443178,7.0,COc1cc(Cc2cnc(N)nc2N)cc(OC)c1OC,Training,doi.org/10.1016/j.watres.2012.06.006,train,5.497443178
584,Trimethoprim,5.497443178,,COc1cc(Cc2cnc(N)nc2N)cc(OC)c1OC,Training,doi.org/10.1016/j.watres.2012.06.006,train,5.497443178
585,trimethylamine,3.812913357,7.0,CN(C)C,Training,doi.org/10.1016/j.watres.2012.06.006,train,3.812913357
586,trimethylamine,6.602059991,4.0,CN(C)C,Training,doi.org/10.1016/j.watres.2012.06.006,train,6.602059991
587,trimethylamine,5.475373507,,CN(C)C,Training,doi.org/10.1016/j.watres.2012.06.006,train,5.475373507
588,trimethylamine,4.806179974,8.0,CN(C)C,Training,doi.org/10.1016/j.watres.2012.06.006,train,4.806179974
589,tris(2-butoxyethyl) phosphate,0.66,7.0,CCCCOCCOP(=O)(OCCOCCCC)OCCOCCCC,Training,10.1016/j.scitotenv.2020.136816,train,0.66
590,tryptophan,6.84509804,8.0,N[C@@H](Cc1c[nH]c2ccccc12)C(=O)O,Training,10.1016/j.scitotenv.2020.136816,train,6.84509804
591,tylosin (protonated),4.886490725,,CC[C@H]1OC(=O)C[C@@H](O)[C@H](C)[C@@H](O[C@@H]2O[C@H](C)[C@@H](O[C@H]3C[C@@](C)(O)[C@@H](O)[C@H](C)O3)[C@H]([NH+](C)C)[C@H]2O)[C@@H](CC=O)C[C@@H](C)C(=O)/C=C/C(C)=C/[C@@H]1CO[C@@H]1O[C@H](C)[C@@H](O)[C@@H](OC)[C@H]1OC,Training,doi.org/10.1016/j.watres.2012.06.006,train,4.886490725
592,Tylosin tartrate,6.431363764,,CC[C@H]1OC(=O)C[C@@H](O)[C@H](C)[C@@H](O[C@@H]2O[C@H](C)[C@@H](O[C@H]3C[C@@](C)(O)[C@@H](O)[C@H](C)O3)[C@H](N(C)C)[C@H]2O)[C@@H](CC=O)C[C@@H](C)C(=O)/C=C/C(C)=C/[C@@H]1CO[C@@H]1O[C@H](C)[C@@H](O)[C@@H](OC)[C@H]1OC,Training,doi.org/10.1016/j.watres.2012.06.006,train,6.431363764
593,Tylosin tartrate,5.707570176,7.0,CC[C@H]1OC(=O)C[C@@H](O)[C@H](C)[C@@H](O[C@@H]2O[C@H](C)[C@@H](O[C@H]3C[C@@](C)(O)[C@@H](O)[C@H](C)O3)[C@H](N(C)C)[C@H]2O)[C@@H](CC=O)C[C@@H](C)C(=O)/C=C/C(C)=C/[C@@H]1CO[C@@H]1O[C@H](C)[C@@H](O)[C@@H](OC)[C@H]1OC,Training,doi.org/10.1016/j.watres.2012.06.006,train,5.707570176
594,tyrosine,3.68,7.0,N[C@@H](Cc1ccc(O)cc1)C(=O)O,Training,10.1016/j.scitotenv.2020.136816,train,3.68
595,Urea,-1.301029996,2.7,NC(N)=O,Training,10.1080/01919519908547257,train,-1.301029996
596,uric acid,4.765668555,,O=c1[nH]c(=O)c2[nH]c(=O)[nH]c2[nH]1,Training,10.1016/j.abb.2006.04.015,train,4.765668555
597,Valsantan,1.579783597,,CCCCC(=O)N(Cc1ccc(-c2ccccc2-c2nn[nH]n2)cc1)[C@H](C(=O)O)C(C)C,Training,doi.org/10.1016/j.watres.2012.06.006,train,1.579783597
598,Venlafaxine,3.929418926,,COc1ccc(C(CN(C)C)C2(O)CCCCC2)cc1,Training,doi.org/10.1016/j.watres.2012.06.006,train,3.929418926
599,Veratric acid,3.886490725,,COc1ccc(C(=O)O)cc1OC,Training,10.1007/s11172-008-0043-6,train,3.886490725
600,Veratric aldehyde,3.612783857,,COc1ccc(C=O)cc1OC,Training,10.1007/s11172-008-0043-6,train,3.612783857
601,vinyl acetate,5.204119983,,C=COC(C)=O,Training,doi.org/10.1016/j.watres.2012.06.006,train,5.204119983
602,vinyl bromide,4.0,,C=CBr,Training,doi.org/10.1016/j.watres.2012.06.006,train,4.0
603,vinyl chloride,4.146128036,,C=CCl,Training,doi.org/10.1016/j.watres.2012.06.006,train,4.146128036
604,vinyl phosphonic acid (monoanion),4.431363764,,C=CP(=O)([O-])O,Training,doi.org/10.1016/j.watres.2012.06.006,train,4.431363764
605,Vinylsulfone,-3.233587153,,C=CS(=O)(=O)C=C,Training,10.1007/s10975-005-0142-4,train,-3.233587153
606,vitamin E,5.88,7.0,Cc1c(C)c2c(c(C)c1O)CC[C@@](C)(CCC[C@H](C)CCC[C@H](C)CCCC(C)C)O2,Training,10.1016/j.scitotenv.2020.136816,train,5.88
607,"1,4-benzoquinone",3.4,7.0,O=C1C=CC(=O)C=C1,Test,doi.org/10.1016/j.watres.2012.06.006,test,3.4
608,"1,4-dimethoxy benzene",5.113943352,,COc1ccc(OC)cc1,Test,doi.org/10.1016/j.watres.2012.06.006,test,5.113943352
609,17a-ethinylestradiol,6.204119983,7.0,C#C[C@]1(O)CC[C@H]2[C@@H]3CCc4cc(O)ccc4[C@H]3CC[C@@]21C,Test,doi.org/10.1016/j.watres.2012.06.006,test,6.204119983
610,17b-estradiol-non-dissociated,6.230448921,7.0,C[C@]12CC[C@@H]3c4ccc(O)cc4CC[C@H]3[C@@H]1CC[C@@H]2O,Test,doi.org/10.1016/j.watres.2012.06.006,test,6.230448921
611,1H-benzotriazole,1.555470169,2.0,c1ccc2[nH]nnc2c1,Test,10.1016/j.watres.2011.01.022,test,1.555470169
612,1H-benzotriazole,1.303196057,3.0,c1ccc2[nH]nnc2c1,Test,10.1016/j.watres.2011.01.022,test,1.303196057
613,1-Hexene-3-ol,5.0,,C=CC(O)CCC,Test,10.1080/01919519108552279,test,5.0
614,1-penten-3-one,4.770852012,,C=CC(=O)CC,Test,doi.org/10.1016/j.watres.2012.06.006,test,4.770852012
615,"2,3,4,6-tetrachlorophenol",4.562399938,2.5,Oc1c(Cl)cc(Cl)c(Cl)c1Cl,Test,10.1016/S0304-3894(00)00269-7,test,4.562399938
616,"2,3-dihydroxybenzoic",6.32,7.0,O=C(O)c1cccc(O)c1O,Test,10.1016/j.scitotenv.2020.136816,test,6.32
617,"2,4-dichlorophenol",4.62493361,,Oc1ccc(Cl)cc1Cl,Test,10.1016/j.chemosphere.2014.05.068,test,4.62493361
618,"2,4-dichlorophenoxyacetic acid",0.721480855,2.0,O=C(O)COc1ccc(Cl)cc1Cl,Test,10.1080/01919519208552274,test,0.721480855
619,"2,4-dimethyl phenol",4.922206277,,Cc1ccc(O)c(C)c1,Test,doi.org/10.1016/j.watres.2012.06.006,test,4.922206277
620,"2,5-dichlorophenols",6.695481676,7.0,Oc1cc(Cl)ccc1Cl,Test,10.1021/acs.iecr.9b00337,test,6.695481676
621,2-acetamidoacrylic acid,5.973127854,,C=C(NC(C)=O)C(=O)O,Test,doi.org/10.1016/j.watres.2012.06.006,test,5.973127854
622,"2-chloro-4,6-diethylamino-1,3,5-triazine, 1",1.238547888,7.5,CCNc1nc(Cl)nc(NCC)n1,Test,10.1016/j.scitotenv.2020.136816,test,1.238547888
623,"2-chloro-4-amino-6-ethylamino-1,3,5-triazine 6",0.683500815,,CCNc1nc(N)nc(Cl)n1,Test,10.1021/es990724e,test,0.683500815
624,"2-chloro-4-ethylamino-6-isopropylamino-1,3,5-triazine 14",1.210624783,7.0,CCNc1nc(Cl)nc(NC(C)C)n1,Test,doi.org/10.1016/j.watres.2012.06.006,test,1.210624783
625,"2-chloro-4-ethylamino-6-isopropylamino-1,3,5-triazine 14",10.47712125,9.0,CCNc1nc(Cl)nc(NC(C)C)n1,Test,doi.org/10.1016/j.watres.2012.06.006,test,10.47712125
626,"2-chloro-4-ethylamino-6-isopropylamino-1,3,5-triazine 14",1.210624783,7.5,CCNc1nc(Cl)nc(NC(C)C)n1,Test,doi.org/10.1016/j.watres.2012.06.006,test,1.210624783
627,2-Nitrophenol,-1.415,,O=[N+]([O-])c1ccccc1O,Test,10.1016/j.chemosphere.2014.05.068,test,-1.415
628,2-OCH3 aniline,7.235528447,,COc1ccccc1N,Test,doi.org/10.1016/j.watres.2012.06.006,test,7.235528447
629,"2-Phosphonobutane-1,2,4-tricarboxylic acid",-0.920818754,,O=C(O)CCC(CC(=O)O)(C(=O)O)P(=O)(O)O,Test,10.1016/J.WATRES.2018.10.038,test,-0.920818754
630,"3,4-Dichloroaniline",-1.468,,Nc1ccc(Cl)c(Cl)c1,Test,10.1016/j.chemosphere.2014.05.068,test,-1.468
631,"3,4-dimethoxy benzene",4.576754995,,COc1ccccc1OC,Test,doi.org/10.1016/j.watres.2012.06.006,test,4.576754995
632,3-methylindole,5.613841822,3.0,Cc1c[nH]c2ccccc12,Test,10.1016/j.scitotenv.2020.136816,test,5.613841822
633,3-methylindole,5.629409599,4.0,Cc1c[nH]c2ccccc12,Test,10.1016/j.scitotenv.2020.136816,test,5.629409599
634,4-acetamido-2-chloro-6-isopropylamino- s-triazine ,-0.853871964,,CC(=O)Nc1nc(Cl)nc(NC(C)C)n1,Test,doi.org/10.1016/j.watres.2012.06.006,test,-0.853871964
635,4-chloro phenol,4.282912507,2.0,Oc1ccc(Cl)cc1,Test,doi.org/10.1016/j.watres.2012.06.006,test,4.282912507
636,4-chloro phenolate,8.77815125,,[O-]c1ccc(Cl)cc1,Test,doi.org/10.1016/j.watres.2012.06.006,test,8.77815125
637,4-methyl phenol,7.041392685,8.0,Cc1ccc(O)cc1,Test,10.1021/es803588k,test,7.041392685
638,4-n-nonylphenol,5.943979906,,CCCCCCCCCc1ccc(O)cc1,Test,doi.org/10.1016/j.watres.2012.06.006,test,5.943979906
639,abietic acids,3.819543936,,CC(C)C1=CC2=CC[C@H]3[C@](C)(C(=O)O)CCC[C@]3(C)[C@H]2CC1,Test,10.1139/s05-031,test,3.819543936
640,Acebutanol,4.37,,CCCC(=O)Nc1ccc(OCC(O)CNC(C)C)c(C(C)=O)c1,Test,doi.org/10.1016/j.watres.2012.06.006,test,4.37
641,Acetaldehyde,0.176091259,2.0,CC=O,Test,10.1016/0043-1354(83)90098-2,test,0.176091259
642,acrylonitrile,-0.102021777,,C=CC#N,Test,doi.org/10.1016/j.watres.2012.06.006,test,-0.102021777
643,Adipic acid,-2.522878745,,O=C(O)CCCCC(=O)O,Test,10.1016/j.watres.2012.11.033,test,-2.522878745
644,alachlor,0.501166308,,CCc1cccc(CC)c1N(COC)C(=O)CCl,Test,doi.org/10.1016/j.watres.2012.06.006,test,0.501166308
645,Amoxicillin,6.290402651,7.0,CC1(C)S[C@@H]2[C@H](NC(=O)[C@H](N)c3ccc(O)cc3)C(=O)N2[C@H]1C(=O)O.O.O.O,Test,10.1016/j.chemosphere.2008.08.033,test,6.290402651
646,anatoxin,5.193339,,CC(=O)C1=CCCC2CCC1N2,Test,doi.org/10.1016/j.watres.2012.06.006,test,5.193339
647,atenolol (protonated),2.041392685,,CC,Test,doi.org/10.1016/j.watres.2012.06.006,test,2.041392685
648,Azobenzene,2.342422681,2.0,c1ccc(N=Nc2ccccc2)cc1,Test,10.1016/0043-1354(91)90155-J,test,2.342422681
649,Benzaldehyde,0.397940009,1.7,O=Cc1ccccc1,Test,10.1016/0043-1354(83)90098-2,test,0.397940009
650,Benzene,0.301029996,,c1ccccc1,Test,doi.org/10.1016/j.watres.2012.06.006,test,0.301029996
651,Benzene,0.301029996,2.8,c1ccccc1,Test,doi.org/10.1016/j.watres.2012.06.006,test,0.301029996
652,Benzene sulfonate ion,-0.638272164,,O=S(=O)([O-])c1ccccc1,Test,doi.org/10.1016/j.watres.2012.06.006,test,-0.638272164
653,benzylamine,4.799340549,,NCc1ccccc1,Test,doi.org/10.1016/j.watres.2012.06.006,test,4.799340549
654,Beta-N-methylamino-L-alanine,7.531478917,6.5,CNC[C@H](N)C(=O)O,Test,10.1016/j.watres.2018.05.056,test,7.531478917
655,bisphenol A,7.414973348,8.0,CC(C)(c1ccc(O)cc1)c1ccc(O)cc1,Test,10.1021/es803588k,test,7.414973348
656,bisphenol A,9.53529412,11.0,CC(C)(c1ccc(O)cc1)c1ccc(O)cc1,Test,10.1021/es803588k,test,9.53529412
657,bisphenolA-dissociated,9.045322979,,CC(C)(c1ccc([O-])cc1)c1ccc([O-])cc1,Test,doi.org/10.1016/j.watres.2012.06.006,test,9.045322979
658,Bromoxynil,2.77815125,7.0,N#Cc1cc(Br)c(O)c(Br)c1,Test,10.1016/j.chemosphere.2009.11.014,test,2.77815125
659,caffeic,6.68,7.0,O=C(O)/C=C\c1ccc(O)c(O)c1,Test,10.1016/j.scitotenv.2020.136816,test,6.68
660,caffeine,2.812913357,8.1,Cn1c(=O)c2c(ncn2C)n(C)c1=O,Test,10.1016/j.scitotenv.2020.136816,test,2.812913357
661,carbamazepine,5.477121255,8.0,NC(=O)N1c2ccccc2C=Cc2ccccc21,Test,doi.org/10.1016/j.watres.2012.06.006,test,5.477121255
662,catechol,5.577795101,,Oc1ccccc1O,Test,doi.org/10.1016/j.watres.2012.06.006,test,5.577795101
663,chloro benzene,-0.124938737,2.0,Clc1ccccc1,Test,10.1016/0043-1354(83)90098-2,test,-0.124938737
664,chlorophene,3.492077297,7.0,C=CC(=C)Cl,Test,10.1016/j.scitotenv.2020.136816,test,3.492077297
665,chlorophene,5.204119983,10.0,C=CC(=C)Cl,Test,10.1016/j.scitotenv.2020.136816,test,5.204119983
666,Chromotropic acid,-0.0685,,O=S(=O)(O)c1cc(O)c2c(O)cc(S(=O)(=O)O)cc2c1,Test,10.1016/j.chemosphere.2014.05.068,test,-0.0685
667,CI Reactive Black 5 ,4.274157849,1.88,Nc1c(N=Nc2ccc(S(=O)(=O)CCOS(=O)(=O)[O-])cc2)c(S(=O)(=O)[O-])cc2c1C(=O)/C(=N\Nc1ccc(S(=O)(=O)CCOS(=O)(=O)[O-])cc1)C(S(=O)(=O)[O-])=C2.[Na+].[Na+].[Na+].[Na+],Test,doi.org/10.1016/j.watres.2012.06.006,test,4.274157849
668,ciprofloxacin,4.499340707,,O=C(O)c1cn(C2CC2)c2cc(N3CCNCC3)c(F)cc2c1=O,Test,doi.org/10.1016/j.watres.2012.06.006,test,4.499340707
669,"cis-1,2-Dichloroethylene",1.031341268,,Cl/C=C\Cl,Test,doi.org/10.1016/j.watres.2012.06.006,test,1.031341268
670,Clarithromycin,4.602059991,,CC[C@H]1OC(=O)[C@H](C)[C@@H](O[C@H]2C[C@@](C)(OC)[C@@H](O)[C@H](C)O2)[C@H](C)[C@@H](O[C@@H]2O[C@H](C)C[C@H](N(C)C)[C@H]2O)[C@](C)(OC)C[C@@H](C)C(=O)[C@H](C)[C@@H](O)[C@]1(C)O,Test,doi.org/10.1016/j.watres.2012.06.006,test,4.602059991
671,clofibric acid,1.301029996,,CC(C)(Oc1ccc(Cl)cc1)C(=O)O,Test,10.1016/j.watres.2013.08.025,test,1.301029996
672,cyclohexane ,-2.045757491,,C1CCCCC1,Test,doi.org/10.1016/j.watres.2012.06.006,test,-2.045757491
673,Cyclopentanol,0.301029996,2.0,OC1CCCC1,Test,10.23939/chcht10.04si.531,test,0.301029996
674,DABCO,6.505149978,,C1CN2CCN1CC2,Test,doi.org/10.1016/j.watres.2012.06.006,test,6.505149978
675,Diazepam,-0.122469368,7.0,CN1C(=O)CN=C(c2ccccc2)c2cc(Cl)ccc21,Test,doi.org/10.1016/j.watres.2012.06.006,test,-0.122469368
676,diclofenac,5.975651231,,O=C(O)Cc1ccccc1Nc1c(Cl)cccc1Cl,Test,doi.org/10.1016/j.watres.2012.06.006,test,5.975651231
677,Diethyl phthalate,0.82,7.0,CCOC(=O)c1ccccc1C(=O)OCC,Test,10.1016/j.scitotenv.2020.136816,test,0.82
678,dihydrofolate,5.23,7.5,Nc1nc2c(c(=O)[nH]1)N=C(CNc1ccc(C(=O)N[C@@H](CCC(=O)[O-])C(=O)O)cc1)CN2,Test,10.1016/j.scitotenv.2020.136816,test,5.23
679,dimethoate,0.568201724,,CNC(=O)CSP(=S)(OC)OC,Test,doi.org/10.1016/j.watres.2012.06.006,test,0.568201724
680,dimethyl phthalate,-1.142667504,,COC(=O)c1ccccc1C(=O)OC,Test,10.1016/j.jhazmat.2011.08.054,test,-1.142667504
681,dimethylamine,4.579783597,8.0,CNC,Test,doi.org/10.1016/j.watres.2012.06.006,test,4.579783597
682,dimethylchloramine,3.278753601,,CN(C)Cl,Test,doi.org/10.1016/j.watres.2012.06.006,test,3.278753601
683,dimethylethanolamine,7.041392685,,CN(C)CCO,Test,doi.org/10.1016/j.watres.2012.06.006,test,7.041392685
684,dimetridazole,2.52,7.0,Cc1ncc([N+](=O)[O-])n1C,Test,10.1016/j.scitotenv.2020.136816,test,2.52
685,EDTA,6.505149978,,O=C(O)CN(CCN(CC(=O)O)CC(=O)O)CC(=O)O,Test,doi.org/10.1016/j.watres.2012.06.006,test,6.505149978
686,Endothall,0.301029996,,O=C([O-])C1C2CCC(O2)C1C(=O)[O-],Test,doi.org/10.1016/j.watres.2012.06.006,test,0.301029996
687,Eriochrome blue black R,0.625,,O=C1C=C(S(=O)(=O)[O-])c2ccccc2/C1=N\Nc1c(O)ccc2ccccc12.[Na+],Test,10.1016/j.chemosphere.2014.05.068,test,0.625
688,estrone,5.992995098,8.0,C[C@]12CC[C@@H]3c4ccc(O)cc4CC[C@H]3[C@@H]1CCC2=O,Test,10.1002/ep.12306,test,5.992995098
689,Ethanol,-0.528995973,,CCO,Test,10.23939/chcht10.04si.531,test,-0.528995973
690,ethylparaben,6.38,7.0,CCOC(=O)c1ccc(O)cc1,Test,10.1016/j.scitotenv.2020.136816,test,6.38
691,Fenoprop,0.949390007,3.4,CC(Oc1cc(Cl)c(Cl)cc1Cl)C(=O)O,Test,10.1016/0043-1354(91)90155-J,test,0.949390007
692,fumaric acid,3.929418926,,O=C(O)/C=C/C(=O)O,Test,doi.org/10.1016/j.watres.2012.06.006,test,3.929418926
693,Gabapentin,3.34,,NCC1(CC(=O)O)CCCCC1,Test,doi.org/10.1016/j.watres.2012.06.006,test,3.34
694,hydrochlorothiazide,4.319709463,7.0,NS(=O)(=O)c1cc2c(cc1Cl)NCNS2(=O)=O,Test,10.1016/j.scitotenv.2020.136816,test,4.319709463
695,Ibuprofen,0.976583599,,CC(C)Cc1ccc(C(C)C(=O)O)cc1,Test,doi.org/10.1016/j.watres.2012.06.006,test,0.976583599
696,imidacloprid,1.038222638,2.0,O=[N+]([O-])NC1=NCCN1Cc1ccc(Cl)nc1,Test,10.1080/09593330.2018.1439105,test,1.038222638
697,Imidazole,5.361727836,7.0,c1c[nH]cn1,Test,doi.org/10.1016/j.watres.2012.06.006,test,5.361727836
698,indole,2.348772014,2.0,c1ccc2[nH]ccc2c1,Test,doi.org/10.1016/j.watres.2012.06.006,test,2.348772014
699,isopropyl benzene,1.041392685,2.0,CC(C)c1ccccc1,Test,10.1016/0043-1354(83)90098-2,test,1.041392685
700,leuine,4.72427587,,CC(C)CC(N)C(=O)O,Test,doi.org/10.1016/j.watres.2012.06.006,test,4.72427587
701,L-Glutamine,4.414973348,,NC(=O)CC[C@H](N)C(=O)O,Test,doi.org/10.1016/j.watres.2012.06.006,test,4.414973348
702,L-Histidine,3.59,7.0,N[C@@H](Cc1c[nH]cn1)C(=O)O,Test,10.1016/j.scitotenv.2020.136816,test,3.59
703,L-Lysine,4.491361694,,NCCCC[C@H](N)C(=O)O,Test,doi.org/10.1016/j.watres.2012.06.006,test,4.491361694
704,Mefenamic acid,6.806179974,,Cc1cccc(Nc2ccccc2C(=O)O)c1C,Test,doi.org/10.1016/j.watres.2012.06.006,test,6.806179974
705,Methoxychlor,2.4,7.0,COc1ccc(C(c2ccc(OC)cc2)C(Cl)(Cl)Cl)cc1,Test,10.1016/j.scitotenv.2020.136816,test,2.4
706,Methylamine,2.447158031,,CN,Test,10.1016/j.watres.2012.11.033,test,2.447158031
707,methyl-isothiazolinone,2.301897717,,CC1=NSCC1=O,Test,10.1016/j.jhazmat.2019.121898,test,2.301897717
708,methylparaben,9.008600172,12.0,COC(=O)c1ccc(O)cc1,Test,10.1016/j.chemosphere.2010.09.004,test,9.008600172
709,Metoprolol,4.113943352,9.0,COCCc1ccc(OCC(O)CNC(C)C)cc1,Test,10.1016/j.chemosphere.2008.08.033,test,4.113943352
710,"N,N-Diethylhydroxylamine",5.84509804,4.8,CCN(O)CC,Test,10.1016/j.watres.2019.03.089,test,5.84509804
711,"N,N-Dimethylaniline",6.204119983,,CN(C)c1ccccc1,Test,doi.org/10.1016/j.watres.2012.06.006,test,6.204119983
712,naphthalene,3.58,7.0,c1ccc2ccccc2c1,Test,10.1016/j.scitotenv.2020.136816,test,3.58
713,naphthenic acids,0.401995788,,CCC1CCC(CCC(=O)O)C1,Test,10.1007/s11270-015-2600-6,test,0.401995788
714,naproxen,5.477121255,9.0,COc1ccc2cc(C(C)C(=O)O)ccc2c1,Test,doi.org/10.1016/j.watres.2012.06.006,test,5.477121255
715,n-Butanol,-0.236572006,2.0,CCCCO,Test,10.1016/0043-1354(83)90098-2,test,-0.236572006
716,n-butylamine,5.230448921,8.0,CCCCN,Test,10.1080/01919519908547257,test,5.230448921
717,Nitrobenzene,9.602059991,9.0,O=[N+]([O-])c1ccccc1,Test,10.1016/j.chemosphere.2014.05.068,test,9.602059991
718,N-Methylacetamide,-0.22,7.2,CNC(C)=O,Test,10.1016/j.scitotenv.2020.136816,test,-0.22
719,octylphenol ,4.636487896,,CCCCCCCCc1ccccc1O,Test,doi.org/10.1016/j.watres.2012.06.006,test,4.636487896
720,o-Hydroxyaniline,7.255272505,7.0,Nc1ccccc1O,Test,10.1021/acs.iecr.9b00337,test,7.255272505
721,oxybenzone,4.379380272,,COc1ccc(C(=O)c2ccccc2)c(O)c1,Test,10.1016/j.jhazmat.2017.05.016,test,4.379380272
722,o-xylene,1.954242509,3.4,Cc1ccccc1C,Test,10.1016/0043-1354(83)90098-2,test,1.954242509
723,para-phenylphenol ,2.949390007,,Oc1ccc(-c2ccccc2)cc1,Test,doi.org/10.1016/j.watres.2012.06.006,test,2.949390007
724,pentachlorophenol,4.877946952,2.0,Oc1c(Cl)c(Cl)c(Cl)c(Cl)c1Cl,Test,10.1080/01919519808547284,test,4.877946952
725,Phenacetin,3.041392685,5.0,CCOc1ccc(NC(C)=O)cc1,Test,10.1016/j.chemosphere.2009.05.035,test,3.041392685
726,phenol,3.113943352,1.8,Oc1ccccc1,Test,10.1016/j.cej.2014.05.073,test,3.113943352
727,piperidine,1.56,7.0,C1CCNCC1,Test,10.1016/j.scitotenv.2020.136816,test,1.56
728,p-Methylaniline,6.380211242,,Cc1ccc(N)cc1,Test,doi.org/10.1016/j.watres.2012.06.006,test,6.380211242
729,progesterone,2.75,7.0,CC(=O)[C@H]1CC[C@H]2[C@@H]3CCC4=CC(=O)CC[C@]4(C)[C@H]3CC[C@]12C,Test,10.1016/j.scitotenv.2020.136816,test,2.75
730,propylparaben,6.4,7.0,CCCOC(=O)c1ccc(O)cc1,Test,10.1016/j.scitotenv.2020.136816,test,6.4
731,propylparaben,5.612783857,6.0,CCCOC(=O)c1ccc(O)cc1,Test,10.1016/j.scitotenv.2020.136816,test,5.612783857
732,pyrene,4.56,7.0,c1cc2ccc3cccc4ccc(c1)c2c34,Test,10.1016/j.scitotenv.2020.136816,test,4.56
733,Pyrrolidone,9.342422681,9.0,O=C1CCCN1,Test,10.1080/01919519908547257,test,9.342422681
734,Ranitidine,6.612783857,,CN/C(=C\[N+](=O)[O-])NCCSCc1ccc(CN(C)C)o1,Test,doi.org/10.1016/j.watres.2012.06.006,test,6.612783857
735,resorcinol-phenol,1.84509804,2.5,Oc1cccc(O)c1.Oc1ccccc1,Test,10.1021/ie00049a034,test,1.84509804
736,Rhodamine B,1.2325,,CCN(CC)c1ccc2c(-c3ccccc3C(=O)O)c3ccc(N(CC)CC)cc3[o+]c2c1.[Cl-],Test,10.1016/j.chemosphere.2014.05.068,test,1.2325
737,roxithromycin,5.706812288,8.0,CC[C@H]1OC(=O)[C@H](C)[C@@H](OC2CC(C)(OC)C(O)C(C)O2)[C@H](C)[C@@H](OC2OC(C)CC(N(C)C)C2O)[C@](C)(O)C[C@@H](C)/C(=N\OCOCCOC)[C@H](C)[C@@H](O)[C@]1(C)O,Test,10.1016/j.chemosphere.2008.08.033,test,5.706812288
738,Saccharose,-0.920818754,2.0,OC[C@H]1O[C@H](O[C@]2(CO)O[C@H](CO)[C@@H](O)[C@@H]2O)[C@H](O)[C@@H](O)[C@@H]1O,Test,10.1016/0043-1354(83)90098-2,test,-0.920818754
739,Sotalol,4.278753601,,CC(C)NCC(O)c1ccc(NS(C)(=O)=O)cc1,Test,doi.org/10.1016/j.watres.2012.06.006,test,4.278753601
740,sulfamethizole,6.2793768,7.0,Cc1nnc(NS(=O)(=O)c2ccc(N)cc2)s1,Test,10.1016/j.scitotenv.2020.136816,test,6.2793768
741,sulfamethoxazole,5.932348843,,Cc1cc(NS(=O)(=O)c2ccc(N)cc2)no1,Test,doi.org/10.1016/j.watres.2012.06.006,test,5.932348843
742,t-amyl-ethyl-ether ,-0.017728767,,CCOC(C)(C)CC,Test,doi.org/10.1016/j.watres.2012.06.006,test,-0.017728767
743,tert-Butanol,-1.941302914,,CC(C)(C)O,Test,doi.org/10.1016/j.watres.2012.06.006,test,-1.941302914
744,tetrachlorocatechol ,4.780274097,2.5,Oc1c(O)c(Cl)c(Cl)c(Cl)c1Cl,Test,10.1016/S0304-3894(00)00269-7,test,4.780274097
745,Tetracycline,4.892094603,2.0,CN(C)[C@@H]1C(=O)/C(=C(\N)O)C(=O)[C@@]2(O)C(=O)C3=C(O)c4c(O)cccc4[C@@](C)(O)[C@H]3C[C@@H]12,Test,10.1016/j.scitotenv.2013.08.032,test,4.892094603
746,threonine,2.41,7.0,C[C@@H](O)[C@H](N)C(=O)O,Test,10.1016/j.scitotenv.2020.136816,test,2.41
747,Tiamulin fumarate,5.579783597,7.0,C=C[C@]1(C)C[C@@H](OC(=O)CSCCN(CC)CC)C2(C)[C@H]3C(=O)CCC3(CC[C@H]2C)[C@@H](C)[C@@H]1O.O=C(O)/C=C/C(=O)O,Test,10.1061/(ASCE)EE.1943-7870.0000404,test,5.579783597
748,tinidazole,2.11,7.0,CCS(=O)(=O)CCn1c([N+](=O)[O-])cnc1C,Test,10.1016/j.scitotenv.2020.136816,test,2.11
749,tolune,1.146128036,1.7,Cc1ccccc1,Test,10.1016/0043-1354(83)90098-2,test,1.146128036
750,tramadol,3.854268788,8.0,COc1cccc([C@@]2(O)CCCC[C@@H]2CN(C)C)c1,Test,doi.org/10.1016/j.watres.2012.06.006,test,3.854268788
751,trichloroethene,0.360520377,2.0,ClC=C(Cl)Cl,Test,10.1016/0043-1354(91)90155-J,test,0.360520377
752,triclosan,8.361727836,8.0,Oc1cc(Cl)ccc1Oc1ccc(Cl)cc1Cl,Test,10.1021/es803588k,test,8.361727836
753,triethylamine,6.425808611,5.25,CCN(CC)CC,Test,10.1016/j.watres.2019.03.089,test,6.425808611
754,tris(2-chloroethyl) phosphate,0.66,7.0,O=P(OCCCl)(OCCCl)OCCCl,Test,10.1016/j.scitotenv.2020.136816,test,0.66
755,tryptophan,4.75,7.0,N[C@@H](Cc1c[nH]c2ccccc12)C(=O)O,Test,10.1016/j.scitotenv.2020.136816,test,4.75
756,vanillic acid,6.6,7.0,COc1cc(C(=O)O)ccc1O,Test,10.1016/j.scitotenv.2020.136816,test,6.6
757,vinylsulfonate ion,3.919078092,,C=CS(=O)(=O)[O-],Test,doi.org/10.1016/j.watres.2012.06.006,test,3.919078092
758,α-tocopheryl acetate,4.26,6.9,CC(=O)Oc1c(C)c(C)c2c(c1C)CCC(C)(CCCC(C)CCCC(C)CCCC(C)C)O2,Test,doi.org/10.1016/j.watres.2012.06.006,test,4.26
